 
 
 
 
 
 
                                  ****
                                *      *
                               *        *
                               *  N A S T R A N
                               *        *
                                *      *
                                  ****
 
 
                             SUN COMPUTER SYSTEMS    
                                SOLARIS VERSION
 
                          SYSTEM RELEASE -  1995 ED.
 
                                DISTRIBUTED BY
 
         COMPUTER SOFTWARE MANAGEMENT AND INFORMATION CENTER (COSMIC)
                 UNIVERSITY OF GEORGIA, ATHENS, GEORGIA 30602
                 PHONE: (706)542-3265      FAX: (706)542-4807
1                                                                           /    95 SUN SOLARIS NASTRAN    / OCT  7, 26 / PAGE     2
                                                                                                                                    
0                                                                                                                                   
                                                                                                         
                                                                                                         
                         INSTALLATION CENTER USER INFORMATION GIVEN IN THIS SECTION                      
                                                                                                         
                                     *********************************************                       
                                     *                                           *                       
                                     *  PLEASE READ THE COMMENT IN DEMO PROBLEM  *                       
                                     *  D01002A ABOUT SYSTEM TIMING CONSTANTS    *                       
                                     *                                           *                       
                                     *********************************************                       
                                                                                                         
                         ===X=    TOP OF PAGE REQUEST IF 'X' IS REPLACED BY '='                          
                                                                                                         
1                                                                           /    95 SUN SOLARIS NASTRAN    / OCT  7, 26 / PAGE     3
                                                                                                                                    
0                                                                                                                                   
0*** USER INFORMATION MESSAGE 225, GINO TIME CONSTANTS ARE BEING COMPUTED
     (SEE NASINFO FILE FOR ELIMINATION OF THESE COMPUTATIONS)
1                                                                           /    95 SUN SOLARIS NASTRAN    / OCT  7, 26 / PAGE     4
                                                                                                                                    
0        N A S T R A N    E X E C U T I V E    C O N T R O L    D E C K    E C H O                                                  
0                                                                                                                                   
                                                                                                                                    
                                                                                                                                    
     $ translated from MSC dialect by nastran95ase                                   
     $ this file is written by the solver; edit the MSC deck, not this               
     ID      HALO,ASE                                                                
     APP     AERO                                                                    
     SOL     11,0                                                                    
     TIME    600                                                                     
     CEND                                                                            
1     flat plate, SOL 146 gust response                                     /    95 SUN SOLARIS NASTRAN    / OCT  7, 26 / PAGE     5
                                                                                                                                    
0                                                                                                                                   
0                                        C A S E    C O N T R O L   D E C K   E C H O                                               
                 CARD                                                                                                               
                 COUNT                                                                                                              
                  1      MAXLINES = 99999999                                                             
                  2      TITLE = flat plate, SOL 146 gust response                                       
                  3      ECHO = SORT                                                                     
                  4      SPC = 1                                                                         
                  5      METHOD = 1                                                                      
                  6      SDAMPING = 40                                                                   
                  7      FREQUENCY = 41                                                                  
                  8      DLOAD = 42                                                                      
                  9      GUST = 42                                                                       
                 10      RANDOM = 45                                                                     
                 11      SET 101 = 41,43,45                                                              
                 12      DISPLACEMENT = 101                                                              
                 13      SUBCASE 1                                                                       
                 14      SUBTITLE = 1 m/s vertical gust, 40 m/s, Mach 0.1                                
                 15      OUTPUT(XYPLOT)                                                                  
                 16      XYPRINT DISP PSDF / 41(T3), 43(T3), 45(T3)                                      
                 17      BEGIN BULK                                                                      
 
 
                        (NO. OF UNSORTED BULK DATA CARDS READ =   113, INCLUDING   0 COMMENT CARDS)
0*** USER INFORMATION MESSAGE 207, BULK DATA DECK IS NOT SORTED. NASTRAN WILL RE-ORDER THE INPUT DECK.
1     flat plate, SOL 146 gust response                                     /    95 SUN SOLARIS NASTRAN    / OCT  7, 26 / PAGE     6
                                                                                                                                    
0                                                                                                                                   
                                                  S O R T E D   B U L K   D A T A   E C H O
                     CARD                                                                                                           
                     COUNT        ---1--- +++2+++ ---3--- +++4+++ ---5--- +++6+++ ---7--- +++8+++ ---9--- +++10+++                  
                    1-        AERO    0       40.0    0.2     1.225   1       0                               
                    2-        CAERO1  1001    1       0       8       4                       1       +0000003
                    3-        +00000030.0     0.0     0.0     0.2     0.0     0.5     0.0     0.2             
                    4-        CQUAD2  1       1       1       2       7       6                               
                    5-        CQUAD2  2       1       2       3       8       7                               
                    6-        CQUAD2  3       1       3       4       9       8                               
                    7-        CQUAD2  4       1       4       5       10      9                               
                    8-        CQUAD2  5       1       6       7       12      11                              
                    9-        CQUAD2  6       1       7       8       13      12                              
                   10-        CQUAD2  7       1       8       9       14      13                              
                   11-        CQUAD2  8       1       9       10      15      14                              
                   12-        CQUAD2  9       1       11      12      17      16                              
                   13-        CQUAD2  10      1       12      13      18      17                              
                   14-        CQUAD2  11      1       13      14      19      18                              
                   15-        CQUAD2  12      1       14      15      20      19                              
                   16-        CQUAD2  13      1       16      17      22      21                              
                   17-        CQUAD2  14      1       17      18      23      22                              
                   18-        CQUAD2  15      1       18      19      24      23                              
                   19-        CQUAD2  16      1       19      20      25      24                              
                   20-        CQUAD2  17      1       21      22      27      26                              
                   21-        CQUAD2  18      1       22      23      28      27                              
                   22-        CQUAD2  19      1       23      24      29      28                              
                   23-        CQUAD2  20      1       24      25      30      29                              
                   24-        CQUAD2  21      1       26      27      32      31                              
                   25-        CQUAD2  22      1       27      28      33      32                              
                   26-        CQUAD2  23      1       28      29      34      33                              
                   27-        CQUAD2  24      1       29      30      35      34                              
                   28-        CQUAD2  25      1       31      32      37      36                              
                   29-        CQUAD2  26      1       32      33      38      37                              
                   30-        CQUAD2  27      1       33      34      39      38                              
                   31-        CQUAD2  28      1       34      35      40      39                              
                   32-        CQUAD2  29      1       36      37      42      41                              
                   33-        CQUAD2  30      1       37      38      43      42                              
                   34-        CQUAD2  31      1       38      39      44      43                              
                   35-        CQUAD2  32      1       39      40      45      44                              
                   36-        DAREA   43      1       3       1.0                                             
                   37-        EIGR    1       FEER    0.5                     6                       +0000001
                   38-        +0000001MASS                                                                    
                   39-        FREQ1   41      0.5     0.5     159                                             
                   40-        GRID    1               0.0     0.0     0.0             126                     
                   41-        GRID    2               0.05    0.0     0.0             126                     
                   42-        GRID    3               0.1     0.0     0.0             126                     
                   43-        GRID    4               0.15    0.0     0.0             126                     
                   44-        GRID    5               0.2     0.0     0.0             126                     
                   45-        GRID    6               0.0     0.0625  0.0             126                     
                   46-        GRID    7               0.05    0.0625  0.0             126                     
                   47-        GRID    8               0.1     0.0625  0.0             126                     
1     flat plate, SOL 146 gust response                                     /    95 SUN SOLARIS NASTRAN    / OCT  7, 26 / PAGE     7
                                                                                                                                    
 
                                                                                                                                    
 
                                                  S O R T E D   B U L K   D A T A   E C H O
                     CARD                                                                                                           
                     COUNT        ---1--- +++2+++ ---3--- +++4+++ ---5--- +++6+++ ---7--- +++8+++ ---9--- +++10+++                  
                   48-        GRID    9               0.15    0.0625  0.0             126                     
                   49-        GRID    10              0.2     0.0625  0.0             126                     
                   50-        GRID    11              0.0     0.125   0.0             126                     
                   51-        GRID    12              0.05    0.125   0.0             126                     
                   52-        GRID    13              0.1     0.125   0.0             126                     
                   53-        GRID    14              0.15    0.125   0.0             126                     
                   54-        GRID    15              0.2     0.125   0.0             126                     
                   55-        GRID    16              0.0     0.1875  0.0             126                     
                   56-        GRID    17              0.05    0.1875  0.0             126                     
                   57-        GRID    18              0.1     0.1875  0.0             126                     
                   58-        GRID    19              0.15    0.1875  0.0             126                     
                   59-        GRID    20              0.2     0.1875  0.0             126                     
                   60-        GRID    21              0.0     0.25    0.0             126                     
                   61-        GRID    22              0.05    0.25    0.0             126                     
                   62-        GRID    23              0.1     0.25    0.0             126                     
                   63-        GRID    24              0.15    0.25    0.0             126                     
                   64-        GRID    25              0.2     0.25    0.0             126                     
                   65-        GRID    26              0.0     0.3125  0.0             126                     
                   66-        GRID    27              0.05    0.3125  0.0             126                     
                   67-        GRID    28              0.1     0.3125  0.0             126                     
                   68-        GRID    29              0.15    0.3125  0.0             126                     
                   69-        GRID    30              0.2     0.3125  0.0             126                     
                   70-        GRID    31              0.0     0.375   0.0             126                     
                   71-        GRID    32              0.05    0.375   0.0             126                     
                   72-        GRID    33              0.1     0.375   0.0             126                     
                   73-        GRID    34              0.15    0.375   0.0             126                     
                   74-        GRID    35              0.2     0.375   0.0             126                     
                   75-        GRID    36              0.0     0.4375  0.0             126                     
                   76-        GRID    37              0.05    0.4375  0.0             126                     
                   77-        GRID    38              0.1     0.4375  0.0             126                     
                   78-        GRID    39              0.15    0.4375  0.0             126                     
                   79-        GRID    40              0.2     0.4375  0.0             126                     
                   80-        GRID    41              0.0     0.5     0.0             126                     
                   81-        GRID    42              0.05    0.5     0.0             126                     
                   82-        GRID    43              0.1     0.5     0.0             126                     
                   83-        GRID    44              0.15    0.5     0.0             126                     
                   84-        GRID    45              0.2     0.5     0.0             126                     
                   85-        GUST    42      42      0.025   0.0     40.0                                    
                   86-        MAT1    1       7.0E10          0.33    2700.0                                  
                   87-        MAT1    9990    1.0     1.0             0.0                                     
                   88-        MKAERO1 0.1                                                             +000000D
                   89-        +000000D1.0     1.4     2.0                                                     
                   90-        MKAERO1 0.1                                                             +000000B
                   91-        +000000B0.001   0.005   0.02    0.05    0.1     0.2     0.4     0.7             
                   92-        PAERO1  1                                                                       
                   93-        PARAM   GUSTAERO1                                                               
                   94-        PARAM   LMODES  6                                                               
1     flat plate, SOL 146 gust response                                     /    95 SUN SOLARIS NASTRAN    / OCT  7, 26 / PAGE     8
                                                                                                                                    
 
                                                                                                                                    
 
                                                  S O R T E D   B U L K   D A T A   E C H O
                     CARD                                                                                                           
                     COUNT        ---1--- +++2+++ ---3--- +++4+++ ---5--- +++6+++ ---7--- +++8+++ ---9--- +++10+++                  
                   95-        PARAM   MACH    0.1                                                             
                   96-        PARAM   Q       980.0                                                           
                   97-        PQUAD2  1       1       0.002                                                   
                   98-        PTRIA2  1       1       0.002                                                   
                   99-        RANDPS  45      1       1       1.0     0.0     46                              
                  100-        RLOAD1  42      43                      44                                      
                  101-        SET1    1       1       2       3       4       5       6       7       +0000005
                  102-        +00000058       9       10      11      12      13      14      15      +0000006
                  103-        +000000616      17      18      19      20      21      22      23      +0000007
                  104-        +000000724      25      26      27      28      29      30      31      +0000008
                  105-        +000000832      33      34      35      36      37      38      39      +0000009
                  106-        +000000940      41      42      43      44      45                              
                  107-        SPC1    1       123456  1       2       3       4       5                       
                  108-        SPLINE1 1001    1001    1001    1032    1       0.0                             
                  109-        TABDMP1 40                                                              +000000F
                  110-        +000000F0.0     0.02    1000.0  0.02    ENDT                                    
                  111-        TABLED1 44                                                              +0000011
                  112-        +00000110.0     1.0     1000.0  1.0     ENDT                                    
                  113-        TABRNDG 46      1       0.0625  1.0                                             
                              ENDDATA
0*** USER INFORMATION MESSAGE, THE FOLLOWING PROPERTY IDS ARE PRESENT BUT NOT USED -
 
             1
1     flat plate, SOL 146 gust response                                     /    95 SUN SOLARIS NASTRAN    / OCT  7, 26 / PAGE     9
                                                                                                                                    
0                                                                                                                                   
0*** USER INFORMATION MESSAGES FROM RESEQUENCING PROCESSOR - BANDIT     (CRI= 1,  MTH= 3,  MPC= 0,  DEP=-1,  PCH=-1)
 
                               BEFORE RESEQUENCING - - -
                                        BANDWIDTH            7
                                        PROFILE            281
                                        MAX WAVEFRONT        7
                                        AVG WAVEFRONT    6.244
                                        RMS WAVEFRONT    6.396
                                        RMS BANDWIDTH    6.452
 
                               AFTER RESEQUENCING BY GIBBS-POOLE-STOCKMEYER (GPS) ALGORITHM - - -
                                        BANDWIDTH            7
                                        PROFILE            281
                                        MAX WAVEFRONT        7
                                        AVG WAVEFRONT    6.244
                                        RMS WAVEFRONT    6.396
                                        RMS BANDWIDTH    6.452
 
 
                                                     *** BANDIT SUMMARY ***
 
                                                                        BEFORE     AFTER
                                        BANDWIDTH (B)                        7         7
                                        PROFILE (P)                        281       281
                                        MAXIMUM WAVEFRONT (C-MAX)            7         7
                                        AVERAGE WAVEFRONT (C-AVG)        6.244     6.244
                                        RMS WAVEFRONT (C-RMS)            6.396     6.396
                                        RMS BANDWITCH (B-RMS)            6.452     6.452
                                        NUMBER OF GRID POINTS (N)                     45
                                        NUMBER OF ELEMENTS (NON-RIGID)                32
                                        NUMBER OF RIGID ELEMENTS PROCESSED*            0
                                        NUMBER OF MPC  EQUATIONS PROCESSED*            0
                                        NUMBER OF COMPONENTS                           1
                                        MAXIMUM NODAL DEGREE                           8
                                        MINIMUM NODAL DEGREE                           3
                                        NUMBER OF UNIQUE EDGES                       140
                                        MATRIX DENSITY, PERCENT                   16.049
                                        NUMBER OF POINTS OF ZERO DEGREE                0
                                        BANDIT OPEN CORE                        ********
                                        CRITERION*                         RMS WAVEFRONT
                                        METHOD USED*                                 GPS
 
                               (* THESE DEFAULT OPTIONS CAN BE OVERRIDDEN BY THE NASTRAN CARD)
 
 
                               BANDIT FINDS GRID POINT RE-SEQUENCING NOT NECESSARY
0         **NO ERRORS FOUND - EXECUTE NASTRAN PROGRAM**
0*** USER INFORMATION MESSAGE 238, TURN DIAG 38 ON FOR ADDITIONAL ELEMENT PROCESSING INFORMATION
 
0*** USER INFORMATION MESSAGE 3113,
     EMG MODULE PROCESSING DOUBLE PRECISION QUAD2    ELEMENTS (ELEMENT TYPE  18) STARTING WITH ID        1
                        0 ROOTS BELOW   9.869604E+00
0*** USER WARNING MESSAGE 2399
     ONLY THE FIRST   13 EIGENSOLUTIONS CLOSEST TO THE SHIFT POINT (F1 OR ZERO) PASS THE FEER ACCURACY TEST FOR EIGENVECTORS.
0*** USER INFORMATION MESSAGE 2392
       16 MORE ACCURATE EIGENSOLUTIONS THAN THE    6 REQUESTED HAVE BEEN FOUND.
     USE DIAG 16 TO DETERMINE ERROR BOUNDS
1     flat plate, SOL 146 gust response                                     /    95 SUN SOLARIS NASTRAN    / OCT  7, 26 / PAGE    10
                                                                                                                                    
0                                                                                                                                   
 
 
                              E I G E N V A L U E   A N A L Y S I S   S U M M A R Y         (FEER METHOD)
0
0                                       NUMBER OF EIGENVALUES EXTRACTED  . . . . . .        22
0                                       NUMBER OF STARTING POINTS USED . . . . . . .         1
0                                       NUMBER OF STARTING POINT MOVES . . . . . . .         0
0                                       NUMBER OF TRIANGULAR DECOMPOSITIONS  . . . .         1
0                                       TOTAL NUMBER OF VECTOR ITERATIONS  . . . . .        21
 
0                                       REASON FOR TERMINATION . . . . . . . . . . .         0*
 
0                                       LARGEST OFF-DIAGONAL MODAL MASS TERM . . . .  0.00E+00
0                                                                              . . .         0
                                                  MODE PAIR . . . . . . . . . .
                                                                               . . .         0
0                                       NUMBER OF OFF-DIAGONAL MODAL MASS
                                             TERMS FAILING CRITERION . . . . . . . .         0
 
0                                       (* NORMAL TERMINATION              
                                         SEE NASTRAN U.M. VOL II, SECTION 2.3.3)
1     flat plate, SOL 146 gust response                                     /    95 SUN SOLARIS NASTRAN    / OCT  7, 26 / PAGE    11
                                                                                                                                    
0                                                                                                                                   
 
                                              R E A L   E I G E N V A L U E S
                                         (BEFORE AUGMENTATION OF RESIDUAL VECTORS)
   MODE    EXTRACTION      EIGENVALUE            RADIANS             CYCLES            GENERALIZED         GENERALIZED
    NO.       ORDER                                                                       MASS              STIFFNESS
        1         1        1.790952E+03        4.231964E+01        6.735380E+00        1.000000E+00        1.790952E+03             
        2         2        4.319421E+04        2.078322E+02        3.307752E+01        1.000000E+00        4.319421E+04             
        3         3        6.872777E+04        2.621598E+02        4.172403E+01        1.000000E+00        6.872777E+04             
        4         4        4.389962E+05        6.625679E+02        1.054510E+02        1.000000E+00        4.389962E+05             
        5         5        5.441435E+05        7.376608E+02        1.174024E+02        1.000000E+00        5.441435E+05             
        6         6        1.489169E+06        1.220315E+03        1.942191E+02        1.000000E+00        1.489169E+06             
0*** USER INFORMATION MESSAGE 9457 (APD), THE   11 (MACH, K) PAIRS OF THE MKAERO CARDS, SORTED BY MACH THEN K - THE ORDER OF THE AERODYNAMIC MATRIX COLUMNS (QHHL, QHJL, QKHL)
      PAIR        MACH           K
         1     0.100000     0.001000
         2     0.100000     0.005000
         3     0.100000     0.020000
         4     0.100000     0.050000
         5     0.100000     0.100000
         6     0.100000     0.200000
         7     0.100000     0.400000
         8     0.100000     0.700000
         9     0.100000     1.000000
        10     0.100000     1.400000
        11     0.100000     2.000000
1     flat plate, SOL 146 gust response                                     /    95 SUN SOLARIS NASTRAN    / OCT  7, 26 / PAGE    12
                                                                                                                                    
 
                                                                                                                                    
 
 
 
 
0*** USER WARNING MESSAGE 2078, SDR2 OUTPUT DATA BLOCK NO. 3 IS PURGED
1     flat plate, SOL 146 gust response                                     /    95 SUN SOLARIS NASTRAN    / OCT  7, 26 / PAGE    13
      1 m/s vertical gust, 40 m/s, Mach 0.1                                                                                         
0                                                                                                            SUBCASE 1              
      POINT-ID =      41
                                       C O M P L E X   D I S P L A C E M E N T   V E C T O R
                                                          (REAL/IMAGINARY)
 
      FREQUENCY   TYPE          T1             T2             T3             R1             R2             R3
0  5.000000E-01     G      0.0            0.0            1.819108E-02   4.670497E-02   8.138699E-03   0.0                           
                           0.0            0.0           -7.603788E-04  -1.974284E-03  -3.457189E-04   0.0                           
0  1.000000E+00     G      0.0            0.0            1.840630E-02   4.732960E-02   8.086858E-03   0.0                           
                           0.0            0.0           -1.555123E-03  -4.044032E-03  -6.938474E-04   0.0                           
0  1.500000E+00     G      0.0            0.0            1.877766E-02   4.840717E-02   7.997502E-03   0.0                           
                           0.0            0.0           -2.424857E-03  -6.321950E-03  -1.047467E-03   0.0                           
0  2.000000E+00     G      0.0            0.0            1.932295E-02   4.998976E-02   7.864567E-03   0.0                           
                           0.0            0.0           -3.423118E-03  -8.956566E-03  -1.410416E-03   0.0                           
0  2.500000E+00     G      0.0            0.0            2.006599E-02   5.214826E-02   7.676987E-03   0.0                           
                           0.0            0.0           -4.626135E-03  -1.215972E-02  -1.786993E-03   0.0                           
0  3.000000E+00     G      0.0            0.0            2.103430E-02   5.496691E-02   7.415879E-03   0.0                           
                           0.0            0.0           -6.149963E-03  -1.625481E-02  -2.181237E-03   0.0                           
0  3.500000E+00     G      0.0            0.0            2.224899E-02   5.851727E-02   7.049285E-03   0.0                           
                           0.0            0.0           -8.180841E-03  -2.176275E-02  -2.594491E-03   0.0                           
0  4.000000E+00     G      0.0            0.0            2.369153E-02   6.276843E-02   6.522981E-03   0.0                           
                           0.0            0.0           -1.102907E-02  -2.955578E-02  -3.017903E-03   0.0                           
0  4.500000E+00     G      0.0            0.0            2.519954E-02   6.730124E-02   5.746051E-03   0.0                           
                           0.0            0.0           -1.522139E-02  -4.112430E-02  -3.411293E-03   0.0                           
0  5.000000E+00     G      0.0            0.0            2.614819E-02   7.042068E-02   4.578951E-03   0.0                           
                           0.0            0.0           -2.160699E-02  -5.889728E-02  -3.642790E-03   0.0                           
0  5.500000E+00     G      0.0            0.0            2.458487E-02   6.670984E-02   2.893923E-03   0.0                           
                           0.0            0.0           -3.113269E-02  -8.567238E-02  -3.336102E-03   0.0                           
0  6.000000E+00     G      0.0            0.0            1.604059E-02   4.353167E-02   1.011229E-03   0.0                           
                           0.0            0.0           -4.259698E-02  -1.183928E-01  -1.704056E-03   0.0                           
0  6.500000E+00     G      0.0            0.0           -2.109908E-03  -7.105352E-03   5.750037E-04   0.0                           
                           0.0            0.0           -4.731233E-02  -1.328464E-01   1.536707E-03   0.0                           
0  7.000000E+00     G      0.0            0.0           -1.847027E-02  -5.373052E-02   2.702601E-03   0.0                           
                           0.0            0.0           -3.775774E-02  -1.070996E-01   4.138635E-03   0.0                           
0  7.500000E+00     G      0.0            0.0           -2.338259E-02  -6.850425E-02   5.343124E-03   0.0                           
                           0.0            0.0           -2.399785E-02  -6.873081E-02   4.564992E-03   0.0                           
1     flat plate, SOL 146 gust response                                     /    95 SUN SOLARIS NASTRAN    / OCT  7, 26 / PAGE    14
      1 m/s vertical gust, 40 m/s, Mach 0.1                                                                                         
0                                                                                                            SUBCASE 1              
      POINT-ID =      41
                                       C O M P L E X   D I S P L A C E M E N T   V E C T O R
                                                          (REAL/IMAGINARY)
 
      FREQUENCY   TYPE          T1             T2             T3             R1             R2             R3
0  8.000000E+00     G      0.0            0.0           -2.175576E-02  -6.462491E-02   7.099347E-03   0.0                           
                           0.0            0.0           -1.430032E-02  -4.130855E-02   3.895286E-03   0.0                           
0  8.500000E+00     G      0.0            0.0           -1.858489E-02  -5.612526E-02   8.093681E-03   0.0                           
                           0.0            0.0           -8.610125E-03  -2.503341E-02   3.038532E-03   0.0                           
0  9.000000E+00     G      0.0            0.0           -1.557895E-02  -4.791914E-02   8.657384E-03   0.0                           
                           0.0            0.0           -5.323596E-03  -1.552285E-02   2.269843E-03   0.0                           
0  9.500000E+00     G      0.0            0.0           -1.308462E-02  -4.105694E-02   8.994738E-03   0.0                           
                           0.0            0.0           -3.366225E-03  -9.783609E-03   1.627777E-03   0.0                           
0  1.000000E+01     G      0.0            0.0           -1.107964E-02  -3.551779E-02   9.212150E-03   0.0                           
                           0.0            0.0           -2.154897E-03  -6.176198E-03   1.094606E-03   0.0                           
0  1.050000E+01     G      0.0            0.0           -9.470964E-03  -3.106275E-02   9.364818E-03   0.0                           
                           0.0            0.0           -1.378774E-03  -3.820793E-03   6.457968E-04   0.0                           
0  1.100000E+01     G      0.0            0.0           -8.169708E-03  -2.745459E-02   9.482475E-03   0.0                           
                           0.0            0.0           -8.672377E-04  -2.231651E-03   2.607090E-04   0.0                           
0  1.150000E+01     G      0.0            0.0           -7.105237E-03  -2.450209E-02   9.581960E-03   0.0                           
                           0.0            0.0           -5.227803E-04  -1.129660E-03  -7.635391E-05   0.0                           
0  1.200000E+01     G      0.0            0.0           -6.224160E-03  -2.205970E-02   9.673337E-03   0.0                           
                           0.0            0.0           -2.873978E-04  -3.478692E-04  -3.770786E-04   0.0                           
0  1.250000E+01     G      0.0            0.0           -5.486580E-03  -2.001818E-02   9.762967E-03   0.0                           
                           0.0            0.0           -1.252919E-04   2.173565E-04  -6.502302E-04   0.0                           
0  1.300000E+01     G      0.0            0.0           -4.862581E-03  -1.829543E-02   9.855110E-03   0.0                           
                           0.0            0.0           -1.363985E-05   6.325118E-04  -9.024981E-04   0.0                           
0  1.350000E+01     G      0.0            0.0           -4.329503E-03  -1.682915E-02   9.952798E-03   0.0                           
                           0.0            0.0            6.251289E-05   9.414768E-04  -1.139098E-03   0.0                           
0  1.400000E+01     G      0.0            0.0           -3.869973E-03  -1.557154E-02   1.005829E-02   0.0                           
                           0.0            0.0            1.132058E-04   1.173945E-03  -1.364187E-03   0.0                           
0  1.450000E+01     G      0.0            0.0           -3.470530E-03  -1.448558E-02   1.017346E-02   0.0                           
                           0.0            0.0            1.453203E-04   1.350477E-03  -1.581198E-03   0.0                           
0  1.500000E+01     G      0.0            0.0           -3.120619E-03  -1.354231E-02   1.029996E-02   0.0                           
                           0.0            0.0            1.636569E-04   1.485595E-03  -1.793052E-03   0.0                           
1     flat plate, SOL 146 gust response                                     /    95 SUN SOLARIS NASTRAN    / OCT  7, 26 / PAGE    15
      1 m/s vertical gust, 40 m/s, Mach 0.1                                                                                         
0                                                                                                            SUBCASE 1              
      POINT-ID =      41
                                       C O M P L E X   D I S P L A C E M E N T   V E C T O R
                                                          (REAL/IMAGINARY)
 
      FREQUENCY   TYPE          T1             T2             T3             R1             R2             R3
0  1.550000E+01     G      0.0            0.0           -2.811861E-03  -1.271882E-02   1.043934E-02   0.0                           
                           0.0            0.0            1.716109E-04   1.589747E-03  -2.002335E-03   0.0                           
0  1.600000E+01     G      0.0            0.0           -2.537530E-03  -1.199681E-02   1.059321E-02   0.0                           
                           0.0            0.0            1.716066E-04   1.670560E-03  -2.211419E-03   0.0                           
0  1.650000E+01     G      0.0            0.0           -2.292166E-03  -1.136154E-02   1.076320E-02   0.0                           
                           0.0            0.0            1.653859E-04   1.733690E-03  -2.422562E-03   0.0                           
0  1.700000E+01     G      0.0            0.0           -2.071291E-03  -1.080106E-02   1.095111E-02   0.0                           
                           0.0            0.0            1.541987E-04   1.783385E-03  -2.638002E-03   0.0                           
0  1.750000E+01     G      0.0            0.0           -1.871190E-03  -1.030563E-02   1.115893E-02   0.0                           
                           0.0            0.0            1.389322E-04   1.822873E-03  -2.860031E-03   0.0                           
0  1.800000E+01     G      0.0            0.0           -1.688747E-03  -9.867244E-03   1.138893E-02   0.0                           
                           0.0            0.0            1.202007E-04   1.854642E-03  -3.091083E-03   0.0                           
0  1.850000E+01     G      0.0            0.0           -1.521318E-03  -9.479338E-03   1.164367E-02   0.0                           
                           0.0            0.0            9.840443E-05   1.880626E-03  -3.333820E-03   0.0                           
0  1.900000E+01     G      0.0            0.0           -1.366633E-03  -9.136515E-03   1.192615E-02   0.0                           
                           0.0            0.0            7.377151E-05   1.902355E-03  -3.591224E-03   0.0                           
0  1.950000E+01     G      0.0            0.0           -1.222712E-03  -8.834351E-03   1.223985E-02   0.0                           
                           0.0            0.0            4.638038E-05   1.921056E-03  -3.866731E-03   0.0                           
0  2.000000E+01     G      0.0            0.0           -1.087807E-03  -8.569258E-03   1.258889E-02   0.0                           
                           0.0            0.0            1.617640E-05   1.937730E-03  -4.164359E-03   0.0                           
0  2.050000E+01     G      0.0            0.0           -9.603376E-04  -8.338382E-03   1.297815E-02   0.0                           
                           0.0            0.0           -1.702806E-05   1.953215E-03  -4.488925E-03   0.0                           
0  2.100000E+01     G      0.0            0.0           -8.388490E-04  -8.139506E-03   1.341347E-02   0.0                           
                           0.0            0.0           -5.355936E-05   1.968236E-03  -4.846285E-03   0.0                           
0  2.150000E+01     G      0.0            0.0           -7.219681E-04  -7.971042E-03   1.390190E-02   0.0                           
                           0.0            0.0           -9.390093E-05   1.983451E-03  -5.243693E-03   0.0                           
0  2.200000E+01     G      0.0            0.0           -6.083624E-04  -7.831994E-03   1.445201E-02   0.0                           
                           0.0            0.0           -1.387245E-04   1.999488E-03  -5.690268E-03   0.0                           
0  2.250000E+01     G      0.0            0.0           -4.966958E-04  -7.721991E-03   1.507432E-02   0.0                           
                           0.0            0.0           -1.889412E-04   2.016998E-03  -6.197696E-03   0.0                           
1     flat plate, SOL 146 gust response                                     /    95 SUN SOLARIS NASTRAN    / OCT  7, 26 / PAGE    16
      1 m/s vertical gust, 40 m/s, Mach 0.1                                                                                         
0                                                                                                            SUBCASE 1              
      POINT-ID =      41
                                       C O M P L E X   D I S P L A C E M E N T   V E C T O R
                                                          (REAL/IMAGINARY)
 
      FREQUENCY   TYPE          T1             T2             T3             R1             R2             R3
0  2.300000E+01     G      0.0            0.0           -3.855860E-04  -7.641338E-03   1.578187E-02   0.0                           
                           0.0            0.0           -2.457762E-04   2.036705E-03  -6.781199E-03   0.0                           
0  2.350000E+01     G      0.0            0.0           -2.735564E-04  -7.591143E-03   1.659091E-02   0.0                           
                           0.0            0.0           -3.108831E-04   2.059491E-03  -7.461004E-03   0.0                           
0  2.400000E+01     G      0.0            0.0           -1.589770E-04  -7.573484E-03   1.752199E-02   0.0                           
                           0.0            0.0           -3.865209E-04   2.086512E-03  -8.264568E-03   0.0                           
0  2.450000E+01     G      0.0            0.0           -4.000955E-05  -7.591727E-03   1.860120E-02   0.0                           
                           0.0            0.0           -4.758224E-04   2.119390E-03  -9.230002E-03   0.0                           
0  2.500000E+01     G      0.0            0.0            8.545967E-05  -7.650970E-03   1.986194E-02   0.0                           
                           0.0            0.0           -5.832347E-04   2.160543E-03  -1.041169E-02   0.0                           
0  2.550000E+01     G      0.0            0.0            2.198509E-04  -7.758776E-03   2.134698E-02   0.0                           
                           0.0            0.0           -7.152297E-04   2.213777E-03  -1.188950E-02   0.0                           
0  2.600000E+01     G      0.0            0.0            3.658370E-04  -7.926339E-03   2.311059E-02   0.0                           
                           0.0            0.0           -8.815311E-04   2.285404E-03  -1.378495E-02   0.0                           
0  2.650000E+01     G      0.0            0.0            5.259830E-04  -8.170309E-03   2.521885E-02   0.0                           
                           0.0            0.0           -1.097282E-03   2.386473E-03  -1.629032E-02   0.0                           
0  2.700000E+01     G      0.0            0.0            7.014880E-04  -8.515727E-03   2.774276E-02   0.0                           
                           0.0            0.0           -1.387050E-03   2.537456E-03  -1.972375E-02   0.0                           
0  2.750000E+01     G      0.0            0.0            8.881515E-04  -9.000239E-03   3.072377E-02   0.0                           
                           0.0            0.0           -1.792482E-03   2.778804E-03  -2.463847E-02   0.0                           
0  2.800000E+01     G      0.0            0.0            1.063417E-03  -9.677684E-03   3.403974E-02   0.0                           
                           0.0            0.0           -2.386963E-03   3.196402E-03  -3.204423E-02   0.0                           
0  2.850000E+01     G      0.0            0.0            1.143145E-03  -1.060591E-02   3.690054E-02   0.0                           
                           0.0            0.0           -3.300281E-03   3.985810E-03  -4.383054E-02   0.0                           
0  2.900000E+01     G      0.0            0.0            8.359674E-04  -1.172773E-02   3.596416E-02   0.0                           
                           0.0            0.0           -4.723730E-03   5.602150E-03  -6.317739E-02   0.0                           
0  2.950000E+01     G      0.0            0.0           -7.267099E-04  -1.223342E-02   1.975829E-02   0.0                           
                           0.0            0.0           -6.587605E-03   8.854962E-03  -9.123155E-02   0.0                           
0  3.000000E+01     G      0.0            0.0           -4.443533E-03  -9.423512E-03  -2.798974E-02   0.0                           
                           0.0            0.0           -6.956344E-03   1.299382E-02  -1.049228E-01   0.0                           
1     flat plate, SOL 146 gust response                                     /    95 SUN SOLARIS NASTRAN    / OCT  7, 26 / PAGE    17
      1 m/s vertical gust, 40 m/s, Mach 0.1                                                                                         
0                                                                                                            SUBCASE 1              
      POINT-ID =      41
                                       C O M P L E X   D I S P L A C E M E N T   V E C T O R
                                                          (REAL/IMAGINARY)
 
      FREQUENCY   TYPE          T1             T2             T3             R1             R2             R3
0  3.050000E+01     G      0.0            0.0           -7.014310E-03  -4.097382E-03  -6.908403E-02   0.0                           
                           0.0            0.0           -3.814569E-03   1.300522E-02  -7.021934E-02   0.0                           
0  3.100000E+01     G      0.0            0.0           -6.474679E-03  -1.702397E-03  -6.903105E-02   0.0                           
                           0.0            0.0           -9.380918E-04   1.014612E-02  -3.163124E-02   0.0                           
0  3.150000E+01     G      0.0            0.0           -5.262478E-03  -1.483871E-03  -5.643699E-02   0.0                           
                           0.0            0.0            3.498874E-04   7.981996E-03  -1.214642E-02   0.0                           
0  3.200000E+01     G      0.0            0.0           -4.297187E-03  -1.858792E-03  -4.516352E-02   0.0                           
                           0.0            0.0            8.505807E-04   6.751207E-03  -3.511306E-03   0.0                           
0  3.250000E+01     G      0.0            0.0           -3.611074E-03  -2.322631E-03  -3.676110E-02   0.0                           
                           0.0            0.0            1.042848E-03   6.080936E-03   4.276288E-04   0.0                           
0  3.300000E+01     G      0.0            0.0           -3.120985E-03  -2.761245E-03  -3.058723E-02   0.0                           
                           0.0            0.0            1.113613E-03   5.732590E-03   2.295673E-03   0.0                           
0  3.350000E+01     G      0.0            0.0           -2.761454E-03  -3.159889E-03  -2.595925E-02   0.0                           
                           0.0            0.0            1.135656E-03   5.583518E-03   3.189291E-03   0.0                           
0  3.400000E+01     G      0.0            0.0           -2.490463E-03  -3.526718E-03  -2.239869E-02   0.0                           
                           0.0            0.0            1.139307E-03   5.572004E-03   3.595432E-03   0.0                           
0  3.450000E+01     G      0.0            0.0           -2.281588E-03  -3.873784E-03  -1.958986E-02   0.0                           
                           0.0            0.0            1.138277E-03   5.667925E-03   3.745642E-03   0.0                           
0  3.500000E+01     G      0.0            0.0           -2.117918E-03  -4.212552E-03  -1.732361E-02   0.0                           
                           0.0            0.0            1.139420E-03   5.859091E-03   3.756661E-03   0.0                           
0  3.550000E+01     G      0.0            0.0           -1.988340E-03  -4.553113E-03  -1.545834E-02   0.0                           
                           0.0            0.0            1.146741E-03   6.145219E-03   3.690057E-03   0.0                           
0  3.600000E+01     G      0.0            0.0           -1.885343E-03  -4.904244E-03  -1.389542E-02   0.0                           
                           0.0            0.0            1.163232E-03   6.535902E-03   3.579193E-03   0.0                           
0  3.650000E+01     G      0.0            0.0           -1.803673E-03  -5.273302E-03  -1.256429E-02   0.0                           
                           0.0            0.0            1.191873E-03   7.051117E-03   3.442120E-03   0.0                           
0  3.700000E+01     G      0.0            0.0           -1.739424E-03  -5.665459E-03  -1.141285E-02   0.0                           
                           0.0            0.0            1.236368E-03   7.724151E-03   3.287881E-03   0.0                           
0  3.750000E+01     G      0.0            0.0           -1.689278E-03  -6.081272E-03  -1.040157E-02   0.0                           
                           0.0            0.0            1.301946E-03   8.607560E-03   3.119513E-03   0.0                           
1     flat plate, SOL 146 gust response                                     /    95 SUN SOLARIS NASTRAN    / OCT  7, 26 / PAGE    18
      1 m/s vertical gust, 40 m/s, Mach 0.1                                                                                         
0                                                                                                            SUBCASE 1              
      POINT-ID =      41
                                       C O M P L E X   D I S P L A C E M E N T   V E C T O R
                                                          (REAL/IMAGINARY)
 
      FREQUENCY   TYPE          T1             T2             T3             R1             R2             R3
0  3.800000E+01     G      0.0            0.0           -1.649519E-03  -6.510411E-03  -9.499392E-03   0.0                           
                           0.0            0.0            1.396501E-03   9.784115E-03   2.934984E-03   0.0                           
0  3.850000E+01     G      0.0            0.0           -1.614201E-03  -6.915590E-03  -8.681417E-03   0.0                           
                           0.0            0.0            1.532403E-03   1.138603E-02   2.726378E-03   0.0                           
0  3.900000E+01     G      0.0            0.0           -1.570863E-03  -7.190363E-03  -7.928463E-03   0.0                           
                           0.0            0.0            1.729387E-03   1.362691E-02   2.476691E-03   0.0                           
0  3.950000E+01     G      0.0            0.0           -1.489342E-03  -7.044252E-03  -7.231335E-03   0.0                           
                           0.0            0.0            2.018029E-03   1.684371E-02   2.152669E-03   0.0                           
0  4.000000E+01     G      0.0            0.0           -1.292010E-03  -5.688393E-03  -6.610929E-03   0.0                           
                           0.0            0.0            2.436294E-03   2.147501E-02   1.693082E-03   0.0                           
0  4.050000E+01     G      0.0            0.0           -7.889645E-04  -1.125259E-03  -6.187062E-03   0.0                           
                           0.0            0.0            2.972123E-03   2.748870E-02   1.015118E-03   0.0                           
0  4.100000E+01     G      0.0            0.0            3.027762E-04   9.782614E-03  -6.294229E-03   0.0                           
                           0.0            0.0            3.294546E-03   3.154170E-02   1.981345E-04   0.0                           
0  4.150000E+01     G      0.0            0.0            1.602009E-03   2.340906E-02  -7.056204E-03   0.0                           
                           0.0            0.0            2.615252E-03   2.514577E-02  -6.402959E-05   0.0                           
0  4.200000E+01     G      0.0            0.0            1.924479E-03   2.709308E-02  -7.517395E-03   0.0                           
                           0.0            0.0            1.314729E-03   1.171776E-02   5.484266E-04   0.0                           
0  4.250000E+01     G      0.0            0.0            1.531226E-03   2.303618E-02  -7.320569E-03   0.0                           
                           0.0            0.0            4.842056E-04   2.876007E-03   1.202422E-03   0.0                           
0  4.300000E+01     G      0.0            0.0            1.083943E-03   1.819948E-02  -6.889605E-03   0.0                           
                           0.0            0.0            1.273718E-04  -1.011057E-03   1.578683E-03   0.0                           
0  4.350000E+01     G      0.0            0.0            7.478292E-04   1.444493E-02  -6.449262E-03   0.0                           
                           0.0            0.0           -7.967718E-06  -2.515860E-03   1.761564E-03   0.0                           
0  4.400000E+01     G      0.0            0.0            5.120883E-04   1.172197E-02  -6.052767E-03   0.0                           
                           0.0            0.0           -5.321835E-05  -3.026812E-03   1.841284E-03   0.0                           
0  4.450000E+01     G      0.0            0.0            3.461849E-04   9.733927E-03  -5.703755E-03   0.0                           
                           0.0            0.0           -6.215093E-05  -3.124857E-03   1.867143E-03   0.0                           
0  4.500000E+01     G      0.0            0.0            2.270652E-04   8.247238E-03  -5.395707E-03   0.0                           
                           0.0            0.0           -5.655143E-05  -3.050528E-03   1.864121E-03   0.0                           
1     flat plate, SOL 146 gust response                                     /    95 SUN SOLARIS NASTRAN    / OCT  7, 26 / PAGE    19
      1 m/s vertical gust, 40 m/s, Mach 0.1                                                                                         
0                                                                                                            SUBCASE 1              
      POINT-ID =      41
                                       C O M P L E X   D I S P L A C E M E N T   V E C T O R
                                                          (REAL/IMAGINARY)
 
      FREQUENCY   TYPE          T1             T2             T3             R1             R2             R3
0  4.550000E+01     G      0.0            0.0            1.396346E-04   7.106022E-03  -5.121460E-03   0.0                           
                           0.0            0.0           -4.554342E-05  -2.907118E-03   1.845185E-03   0.0                           
0  4.600000E+01     G      0.0            0.0            7.418051E-05   6.208671E-03  -4.875083E-03   0.0                           
                           0.0            0.0           -3.305109E-05  -2.740534E-03   1.817366E-03   0.0                           
0  4.650000E+01     G      0.0            0.0            2.435301E-05   5.488019E-03  -4.651933E-03   0.0                           
                           0.0            0.0           -2.076494E-05  -2.571515E-03   1.784649E-03   0.0                           
0  4.700000E+01     G      0.0            0.0           -1.410097E-05   4.898600E-03  -4.448408E-03   0.0                           
                           0.0            0.0           -9.377642E-06  -2.409264E-03   1.749372E-03   0.0                           
0  4.750000E+01     G      0.0            0.0           -4.410186E-05   4.408882E-03  -4.261692E-03   0.0                           
                           0.0            0.0            8.730872E-07  -2.257552E-03   1.712953E-03   0.0                           
0  4.800000E+01     G      0.0            0.0           -6.770457E-05   3.996430E-03  -4.089546E-03   0.0                           
                           0.0            0.0            9.958116E-06  -2.117537E-03   1.676266E-03   0.0                           
0  4.850000E+01     G      0.0            0.0           -8.638636E-05   3.644935E-03  -3.930163E-03   0.0                           
                           0.0            0.0            1.793981E-05  -1.989141E-03   1.639862E-03   0.0                           
0  4.900000E+01     G      0.0            0.0           -1.012320E-04   3.342272E-03  -3.782057E-03   0.0                           
                           0.0            0.0            2.491726E-05  -1.871712E-03   1.604084E-03   0.0                           
0  4.950000E+01     G      0.0            0.0           -1.130502E-04   3.079287E-03  -3.643996E-03   0.0                           
                           0.0            0.0            3.099869E-05  -1.764382E-03   1.569147E-03   0.0                           
0  5.000000E+01     G      0.0            0.0           -1.224545E-04   2.848938E-03  -3.514944E-03   0.0                           
                           0.0            0.0            3.628906E-05  -1.666225E-03   1.535180E-03   0.0                           
0  5.050000E+01     G      0.0            0.0           -1.299169E-04   2.645726E-03  -3.394015E-03   0.0                           
                           0.0            0.0            4.088601E-05  -1.576334E-03   1.502258E-03   0.0                           
0  5.100000E+01     G      0.0            0.0           -1.358043E-04   2.465309E-03  -3.280450E-03   0.0                           
                           0.0            0.0            4.487624E-05  -1.493870E-03   1.470417E-03   0.0                           
0  5.150000E+01     G      0.0            0.0           -1.404061E-04   2.304205E-03  -3.173588E-03   0.0                           
                           0.0            0.0            4.833664E-05  -1.418071E-03   1.439667E-03   0.0                           
0  5.200000E+01     G      0.0            0.0           -1.439523E-04   2.159602E-03  -3.072859E-03   0.0                           
                           0.0            0.0            5.133430E-05  -1.348252E-03   1.410003E-03   0.0                           
0  5.250000E+01     G      0.0            0.0           -1.466274E-04   2.029192E-03  -2.977750E-03   0.0                           
                           0.0            0.0            5.392778E-05  -1.283803E-03   1.381409E-03   0.0                           
1     flat plate, SOL 146 gust response                                     /    95 SUN SOLARIS NASTRAN    / OCT  7, 26 / PAGE    20
      1 m/s vertical gust, 40 m/s, Mach 0.1                                                                                         
0                                                                                                            SUBCASE 1              
      POINT-ID =      41
                                       C O M P L E X   D I S P L A C E M E N T   V E C T O R
                                                          (REAL/IMAGINARY)
 
      FREQUENCY   TYPE          T1             T2             T3             R1             R2             R3
0  5.300000E+01     G      0.0            0.0           -1.485808E-04   1.911078E-03  -2.887817E-03   0.0                           
                           0.0            0.0            5.616780E-05  -1.224185E-03   1.353861E-03   0.0                           
0  5.350000E+01     G      0.0            0.0           -1.499341E-04   1.803679E-03  -2.802660E-03   0.0                           
                           0.0            0.0            5.809830E-05  -1.168920E-03   1.327328E-03   0.0                           
0  5.400000E+01     G      0.0            0.0           -1.507871E-04   1.705670E-03  -2.721923E-03   0.0                           
                           0.0            0.0            5.975764E-05  -1.117586E-03   1.301779E-03   0.0                           
0  5.450000E+01     G      0.0            0.0           -1.512221E-04   1.615932E-03  -2.645285E-03   0.0                           
                           0.0            0.0            6.117902E-05  -1.069810E-03   1.277183E-03   0.0                           
0  5.500000E+01     G      0.0            0.0           -1.513079E-04   1.533513E-03  -2.572461E-03   0.0                           
                           0.0            0.0            6.239143E-05  -1.025261E-03   1.253503E-03   0.0                           
0  5.550000E+01     G      0.0            0.0           -1.511012E-04   1.457600E-03  -2.503189E-03   0.0                           
                           0.0            0.0            6.342001E-05  -9.836429E-04   1.230706E-03   0.0                           
0  5.600000E+01     G      0.0            0.0           -1.506500E-04   1.387492E-03  -2.437233E-03   0.0                           
                           0.0            0.0            6.428693E-05  -9.446954E-04   1.208759E-03   0.0                           
0  5.650000E+01     G      0.0            0.0           -1.499945E-04   1.322586E-03  -2.374378E-03   0.0                           
                           0.0            0.0            6.501137E-05  -9.081859E-04   1.187630E-03   0.0                           
0  5.700000E+01     G      0.0            0.0           -1.491686E-04   1.262357E-03  -2.314429E-03   0.0                           
                           0.0            0.0            6.561034E-05  -8.739061E-04   1.167287E-03   0.0                           
0  5.750000E+01     G      0.0            0.0           -1.482012E-04   1.206345E-03  -2.257206E-03   0.0                           
                           0.0            0.0            6.609873E-05  -8.416688E-04   1.147698E-03   0.0                           
0  5.800000E+01     G      0.0            0.0           -1.471166E-04   1.154150E-03  -2.202545E-03   0.0                           
                           0.0            0.0            6.648971E-05  -8.113072E-04   1.128836E-03   0.0                           
0  5.850000E+01     G      0.0            0.0           -1.459360E-04   1.105418E-03  -2.150297E-03   0.0                           
                           0.0            0.0            6.679472E-05  -7.826716E-04   1.110673E-03   0.0                           
0  5.900000E+01     G      0.0            0.0           -1.446768E-04   1.059836E-03  -2.100323E-03   0.0                           
                           0.0            0.0            6.702409E-05  -7.556261E-04   1.093181E-03   0.0                           
0  5.950000E+01     G      0.0            0.0           -1.433546E-04   1.017127E-03  -2.052494E-03   0.0                           
                           0.0            0.0            6.718683E-05  -7.300483E-04   1.076335E-03   0.0                           
0  6.000000E+01     G      0.0            0.0           -1.419824E-04   9.770464E-04  -2.006694E-03   0.0                           
                           0.0            0.0            6.729107E-05  -7.058271E-04   1.060111E-03   0.0                           
1     flat plate, SOL 146 gust response                                     /    95 SUN SOLARIS NASTRAN    / OCT  7, 26 / PAGE    21
      1 m/s vertical gust, 40 m/s, Mach 0.1                                                                                         
0                                                                                                            SUBCASE 1              
      POINT-ID =      41
                                       C O M P L E X   D I S P L A C E M E N T   V E C T O R
                                                          (REAL/IMAGINARY)
 
      FREQUENCY   TYPE          T1             T2             T3             R1             R2             R3
0  6.050000E+01     G      0.0            0.0           -1.405716E-04   9.393744E-04  -1.962814E-03   0.0                           
                           0.0            0.0            6.734396E-05  -6.828631E-04   1.044487E-03   0.0                           
0  6.100000E+01     G      0.0            0.0           -1.391317E-04   9.039131E-04  -1.920753E-03   0.0                           
                           0.0            0.0            6.735188E-05  -6.610642E-04   1.029441E-03   0.0                           
0  6.150000E+01     G      0.0            0.0           -1.376712E-04   8.704877E-04  -1.880418E-03   0.0                           
                           0.0            0.0            6.732052E-05  -6.403474E-04   1.014951E-03   0.0                           
0  6.200000E+01     G      0.0            0.0           -1.361974E-04   8.389389E-04  -1.841721E-03   0.0                           
                           0.0            0.0            6.725502E-05  -6.206370E-04   1.001000E-03   0.0                           
0  6.250000E+01     G      0.0            0.0           -1.347163E-04   8.091243E-04  -1.804584E-03   0.0                           
                           0.0            0.0            6.716002E-05  -6.018635E-04   9.875693E-04   0.0                           
0  6.300000E+01     G      0.0            0.0           -1.332336E-04   7.809136E-04  -1.768930E-03   0.0                           
                           0.0            0.0            6.703956E-05  -5.839634E-04   9.746410E-04   0.0                           
0  6.350000E+01     G      0.0            0.0           -1.317538E-04   7.541902E-04  -1.734692E-03   0.0                           
                           0.0            0.0            6.689735E-05  -5.668787E-04   9.621989E-04   0.0                           
0  6.400000E+01     G      0.0            0.0           -1.302810E-04   7.288476E-04  -1.701802E-03   0.0                           
                           0.0            0.0            6.673681E-05  -5.505555E-04   9.502285E-04   0.0                           
0  6.450000E+01     G      0.0            0.0           -1.288187E-04   7.047881E-04  -1.670202E-03   0.0                           
                           0.0            0.0            6.656096E-05  -5.349452E-04   9.387158E-04   0.0                           
0  6.500000E+01     G      0.0            0.0           -1.273699E-04   6.819216E-04  -1.639831E-03   0.0                           
                           0.0            0.0            6.637256E-05  -5.200023E-04   9.276480E-04   0.0                           
0  6.550000E+01     G      0.0            0.0           -1.259370E-04   6.601671E-04  -1.610637E-03   0.0                           
                           0.0            0.0            6.617413E-05  -5.056848E-04   9.170127E-04   0.0                           
0  6.600000E+01     G      0.0            0.0           -1.245223E-04   6.394493E-04  -1.582568E-03   0.0                           
                           0.0            0.0            6.596791E-05  -4.919544E-04   9.067985E-04   0.0                           
0  6.650000E+01     G      0.0            0.0           -1.231276E-04   6.196999E-04  -1.555577E-03   0.0                           
                           0.0            0.0            6.575612E-05  -4.787747E-04   8.969952E-04   0.0                           
0  6.700000E+01     G      0.0            0.0           -1.217545E-04   6.008550E-04  -1.529619E-03   0.0                           
                           0.0            0.0            6.554060E-05  -4.661127E-04   8.875930E-04   0.0                           
0  6.750000E+01     G      0.0            0.0           -1.204045E-04   5.828571E-04  -1.504653E-03   0.0                           
                           0.0            0.0            6.532309E-05  -4.539372E-04   8.785822E-04   0.0                           
1     flat plate, SOL 146 gust response                                     /    95 SUN SOLARIS NASTRAN    / OCT  7, 26 / PAGE    22
      1 m/s vertical gust, 40 m/s, Mach 0.1                                                                                         
0                                                                                                            SUBCASE 1              
      POINT-ID =      41
                                       C O M P L E X   D I S P L A C E M E N T   V E C T O R
                                                          (REAL/IMAGINARY)
 
      FREQUENCY   TYPE          T1             T2             T3             R1             R2             R3
0  6.800000E+01     G      0.0            0.0           -1.190787E-04   5.656520E-04  -1.480641E-03   0.0                           
                           0.0            0.0            6.510521E-05  -4.422188E-04   8.699546E-04   0.0                           
0  6.850000E+01     G      0.0            0.0           -1.177782E-04   5.491907E-04  -1.457545E-03   0.0                           
                           0.0            0.0            6.488854E-05  -4.309308E-04   8.617024E-04   0.0                           
0  6.900000E+01     G      0.0            0.0           -1.165039E-04   5.334262E-04  -1.435332E-03   0.0                           
                           0.0            0.0            6.467438E-05  -4.200475E-04   8.538181E-04   0.0                           
0  6.950000E+01     G      0.0            0.0           -1.152564E-04   5.183170E-04  -1.413969E-03   0.0                           
                           0.0            0.0            6.446414E-05  -4.095446E-04   8.462953E-04   0.0                           
0  7.000000E+01     G      0.0            0.0           -1.140366E-04   5.038229E-04  -1.393427E-03   0.0                           
                           0.0            0.0            6.425896E-05  -3.994004E-04   8.391282E-04   0.0                           
0  7.050000E+01     G      0.0            0.0           -1.128448E-04   4.899075E-04  -1.373679E-03   0.0                           
                           0.0            0.0            6.406006E-05  -3.895932E-04   8.323109E-04   0.0                           
0  7.100000E+01     G      0.0            0.0           -1.116817E-04   4.765363E-04  -1.354697E-03   0.0                           
                           0.0            0.0            6.386850E-05  -3.801032E-04   8.258394E-04   0.0                           
0  7.150000E+01     G      0.0            0.0           -1.105476E-04   4.636773E-04  -1.336458E-03   0.0                           
                           0.0            0.0            6.368537E-05  -3.709112E-04   8.197090E-04   0.0                           
0  7.200000E+01     G      0.0            0.0           -1.094430E-04   4.513012E-04  -1.318939E-03   0.0                           
                           0.0            0.0            6.351164E-05  -3.619998E-04   8.139167E-04   0.0                           
0  7.250000E+01     G      0.0            0.0           -1.083681E-04   4.393794E-04  -1.302119E-03   0.0                           
                           0.0            0.0            6.334831E-05  -3.533514E-04   8.084594E-04   0.0                           
0  7.300000E+01     G      0.0            0.0           -1.073233E-04   4.278858E-04  -1.285979E-03   0.0                           
                           0.0            0.0            6.319636E-05  -3.449497E-04   8.033350E-04   0.0                           
0  7.350000E+01     G      0.0            0.0           -1.063088E-04   4.167960E-04  -1.270499E-03   0.0                           
                           0.0            0.0            6.305674E-05  -3.367792E-04   7.985421E-04   0.0                           
0  7.400000E+01     G      0.0            0.0           -1.053249E-04   4.060869E-04  -1.255665E-03   0.0                           
                           0.0            0.0            6.293032E-05  -3.288252E-04   7.940794E-04   0.0                           
0  7.450000E+01     G      0.0            0.0           -1.043720E-04   3.957364E-04  -1.241461E-03   0.0                           
                           0.0            0.0            6.281810E-05  -3.210730E-04   7.899471E-04   0.0                           
0  7.500000E+01     G      0.0            0.0           -1.034501E-04   3.857246E-04  -1.227872E-03   0.0                           
                           0.0            0.0            6.272103E-05  -3.135088E-04   7.861459E-04   0.0                           
1     flat plate, SOL 146 gust response                                     /    95 SUN SOLARIS NASTRAN    / OCT  7, 26 / PAGE    23
      1 m/s vertical gust, 40 m/s, Mach 0.1                                                                                         
0                                                                                                            SUBCASE 1              
      POINT-ID =      41
                                       C O M P L E X   D I S P L A C E M E N T   V E C T O R
                                                          (REAL/IMAGINARY)
 
      FREQUENCY   TYPE          T1             T2             T3             R1             R2             R3
0  7.550000E+01     G      0.0            0.0           -1.025596E-04   3.760313E-04  -1.214886E-03   0.0                           
                           0.0            0.0            6.264002E-05  -3.061193E-04   7.826764E-04   0.0                           
0  7.600000E+01     G      0.0            0.0           -1.017009E-04   3.666378E-04  -1.202493E-03   0.0                           
                           0.0            0.0            6.257612E-05  -2.988909E-04   7.795414E-04   0.0                           
0  7.650000E+01     G      0.0            0.0           -1.008741E-04   3.575273E-04  -1.190680E-03   0.0                           
                           0.0            0.0            6.253030E-05  -2.918109E-04   7.767433E-04   0.0                           
0  7.700000E+01     G      0.0            0.0           -1.000796E-04   3.486827E-04  -1.179441E-03   0.0                           
                           0.0            0.0            6.250362E-05  -2.848670E-04   7.742861E-04   0.0                           
0  7.750000E+01     G      0.0            0.0           -9.931782E-05   3.400879E-04  -1.168766E-03   0.0                           
                           0.0            0.0            6.249717E-05  -2.780466E-04   7.721742E-04   0.0                           
0  7.800000E+01     G      0.0            0.0           -9.858906E-05   3.317276E-04  -1.158651E-03   0.0                           
                           0.0            0.0            6.251214E-05  -2.713370E-04   7.704134E-04   0.0                           
0  7.850000E+01     G      0.0            0.0           -9.789384E-05   3.235874E-04  -1.149089E-03   0.0                           
                           0.0            0.0            6.254976E-05  -2.647260E-04   7.690106E-04   0.0                           
0  7.900000E+01     G      0.0            0.0           -9.723254E-05   3.156529E-04  -1.140076E-03   0.0                           
                           0.0            0.0            6.261124E-05  -2.582018E-04   7.679727E-04   0.0                           
0  7.950000E+01     G      0.0            0.0           -9.660576E-05   3.079106E-04  -1.131611E-03   0.0                           
                           0.0            0.0            6.269806E-05  -2.517512E-04   7.673097E-04   0.0                           
0  8.000000E+01     G      0.0            0.0           -9.601415E-05   3.003465E-04  -1.123691E-03   0.0                           
                           0.0            0.0            6.281168E-05  -2.453617E-04   7.670312E-04   0.0                           
1     flat plate, SOL 146 gust response                                     /    95 SUN SOLARIS NASTRAN    / OCT  7, 26 / PAGE    24
      1 m/s vertical gust, 40 m/s, Mach 0.1                                                                                         
0                                                                                                            SUBCASE 1              
      POINT-ID =      43
                                       C O M P L E X   D I S P L A C E M E N T   V E C T O R
                                                          (REAL/IMAGINARY)
 
      FREQUENCY   TYPE          T1             T2             T3             R1             R2             R3
0  5.000000E-01     G      0.0            0.0            1.735841E-02   4.623200E-02   8.596321E-03   0.0                           
                           0.0            0.0           -7.249675E-04  -1.951700E-03  -3.661405E-04   0.0                           
0  1.000000E+00     G      0.0            0.0            1.757846E-02   4.685734E-02   8.552720E-03   0.0                           
                           0.0            0.0           -1.484010E-03  -3.998420E-03  -7.358544E-04   0.0                           
0  1.500000E+00     G      0.0            0.0            1.795814E-02   4.793616E-02   8.477570E-03   0.0                           
                           0.0            0.0           -2.317386E-03  -6.252329E-03  -1.113592E-03   0.0                           
0  2.000000E+00     G      0.0            0.0            1.851582E-02   4.952074E-02   8.365501E-03   0.0                           
                           0.0            0.0           -3.278172E-03  -8.861277E-03  -1.504998E-03   0.0                           
0  2.500000E+00     G      0.0            0.0            1.927639E-02   5.168236E-02   8.206409E-03   0.0                           
                           0.0            0.0           -4.442057E-03  -1.203621E-02  -1.916946E-03   0.0                           
0  3.000000E+00     G      0.0            0.0            2.026919E-02   5.450609E-02   7.982617E-03   0.0                           
                           0.0            0.0           -5.924525E-03  -1.609933E-02  -2.357428E-03   0.0                           
0  3.500000E+00     G      0.0            0.0            2.151849E-02   5.806502E-02   7.663325E-03   0.0                           
                           0.0            0.0           -7.911406E-03  -2.156987E-02  -2.834202E-03   0.0                           
0  4.000000E+00     G      0.0            0.0            2.301116E-02   6.233139E-02   7.194403E-03   0.0                           
                           0.0            0.0           -1.071342E-02  -2.931791E-02  -3.349245E-03   0.0                           
0  4.500000E+00     G      0.0            0.0            2.459410E-02   6.689233E-02   6.480568E-03   0.0                           
                           0.0            0.0           -1.486053E-02  -4.083159E-02  -3.881110E-03   0.0                           
0  5.000000E+00     G      0.0            0.0            2.565725E-02   7.006571E-02   5.362609E-03   0.0                           
                           0.0            0.0           -2.121377E-02  -5.853978E-02  -4.329037E-03   0.0                           
0  5.500000E+00     G      0.0            0.0            2.426358E-02   6.645810E-02   3.647113E-03   0.0                           
                           0.0            0.0           -3.075593E-02  -8.525251E-02  -4.354552E-03   0.0                           
0  6.000000E+00     G      0.0            0.0            1.591886E-02   4.345307E-02   1.495710E-03   0.0                           
                           0.0            0.0           -4.236548E-02  -1.179658E-01  -3.139752E-03   0.0                           
0  6.500000E+00     G      0.0            0.0           -2.161612E-03  -7.007706E-03   4.394774E-04   0.0                           
                           0.0            0.0           -4.739580E-02  -1.325567E-01  -1.052764E-04   0.0                           
0  7.000000E+00     G      0.0            0.0           -1.870922E-02  -5.361079E-02   1.973890E-03   0.0                           
                           0.0            0.0           -3.811374E-02  -1.070335E-01   2.791600E-03   0.0                           
0  7.500000E+00     G      0.0            0.0           -2.387661E-02  -6.848746E-02   4.409397E-03   0.0                           
                           0.0            0.0           -2.441648E-02  -6.880617E-02   3.687710E-03   0.0                           
1     flat plate, SOL 146 gust response                                     /    95 SUN SOLARIS NASTRAN    / OCT  7, 26 / PAGE    25
      1 m/s vertical gust, 40 m/s, Mach 0.1                                                                                         
0                                                                                                            SUBCASE 1              
      POINT-ID =      43
                                       C O M P L E X   D I S P L A C E M E N T   V E C T O R
                                                          (REAL/IMAGINARY)
 
      FREQUENCY   TYPE          T1             T2             T3             R1             R2             R3
0  8.000000E+00     G      0.0            0.0           -2.242663E-02  -6.471869E-02   6.198405E-03   0.0                           
                           0.0            0.0           -1.466674E-02  -4.143137E-02   3.362453E-03   0.0                           
0  8.500000E+00     G      0.0            0.0           -1.935922E-02  -5.630147E-02   7.289235E-03   0.0                           
                           0.0            0.0           -8.899853E-03  -2.515945E-02   2.714339E-03   0.0                           
0  9.000000E+00     G      0.0            0.0           -1.641372E-02  -4.815311E-02   7.949636E-03   0.0                           
                           0.0            0.0           -5.541835E-03  -1.563640E-02   2.070080E-03   0.0                           
0  9.500000E+00     G      0.0            0.0           -1.395660E-02  -4.133209E-02   8.369136E-03   0.0                           
                           0.0            0.0           -3.523593E-03  -9.880170E-03   1.504794E-03   0.0                           
0  1.000000E+01     G      0.0            0.0           -1.197619E-02  -3.582352E-02   8.653461E-03   0.0                           
                           0.0            0.0           -2.261108E-03  -6.255256E-03   1.021124E-03   0.0                           
0  1.050000E+01     G      0.0            0.0           -1.038508E-02  -3.139222E-02   8.860266E-03   0.0                           
                           0.0            0.0           -1.441567E-03  -3.883148E-03   6.055979E-04   0.0                           
0  1.100000E+01     G      0.0            0.0           -9.097458E-03  -2.780334E-02   9.021947E-03   0.0                           
                           0.0            0.0           -8.925481E-04  -2.278430E-03   2.437458E-04   0.0                           
0  1.150000E+01     G      0.0            0.0           -8.044466E-03  -2.486716E-02   9.157554E-03   0.0                           
                           0.0            0.0           -5.151307E-04  -1.161972E-03  -7.655058E-05   0.0                           
0  1.200000E+01     G      0.0            0.0           -7.173796E-03  -2.243914E-02   9.278861E-03   0.0                           
                           0.0            0.0           -2.502347E-04  -3.666840E-04  -3.648182E-04   0.0                           
0  1.250000E+01     G      0.0            0.0           -6.446238E-03  -2.041071E-02   9.393517E-03   0.0                           
                           0.0            0.0           -6.124381E-05   2.112411E-04  -6.284692E-04   0.0                           
0  1.300000E+01     G      0.0            0.0           -5.832347E-03  -1.870028E-02   9.506767E-03   0.0                           
                           0.0            0.0            7.529573E-05   6.384649E-04  -8.733166E-04   0.0                           
0  1.350000E+01     G      0.0            0.0           -5.309794E-03  -1.724588E-02   9.622379E-03   0.0                           
                           0.0            0.0            1.748345E-04   9.590231E-04  -1.103992E-03   0.0                           
0  1.400000E+01     G      0.0            0.0           -4.861458E-03  -1.600000E-02   9.743197E-03   0.0                           
                           0.0            0.0            2.478105E-04   1.202750E-03  -1.324256E-03   0.0                           
0  1.450000E+01     G      0.0            0.0           -4.474084E-03  -1.492586E-02   9.871524E-03   0.0                           
                           0.0            0.0            3.014361E-04   1.390336E-03  -1.537259E-03   0.0                           
0  1.500000E+01     G      0.0            0.0           -4.137297E-03  -1.399466E-02   1.000937E-02   0.0                           
                           0.0            0.0            3.407953E-04   1.536423E-03  -1.745727E-03   0.0                           
1     flat plate, SOL 146 gust response                                     /    95 SUN SOLARIS NASTRAN    / OCT  7, 26 / PAGE    26
      1 m/s vertical gust, 40 m/s, Mach 0.1                                                                                         
0                                                                                                            SUBCASE 1              
      POINT-ID =      43
                                       C O M P L E X   D I S P L A C E M E N T   V E C T O R
                                                          (REAL/IMAGINARY)
 
      FREQUENCY   TYPE          T1             T2             T3             R1             R2             R3
0  1.550000E+01     G      0.0            0.0           -3.842884E-03  -1.318366E-02   1.015857E-02   0.0                           
                           0.0            0.0            3.695356E-04   1.651572E-03  -1.952100E-03   0.0                           
0  1.600000E+01     G      0.0            0.0           -3.584290E-03  -1.247470E-02   1.032093E-02   0.0                           
                           0.0            0.0            3.903137E-04   1.743524E-03  -2.158644E-03   0.0                           
0  1.650000E+01     G      0.0            0.0           -3.356226E-03  -1.185321E-02   1.049828E-02   0.0                           
                           0.0            0.0            4.050937E-04   1.818045E-03  -2.367537E-03   0.0                           
0  1.700000E+01     G      0.0            0.0           -3.154398E-03  -1.130738E-02   1.069255E-02   0.0                           
                           0.0            0.0            4.153468E-04   1.879502E-03  -2.580959E-03   0.0                           
0  1.750000E+01     G      0.0            0.0           -2.975297E-03  -1.082761E-02   1.090585E-02   0.0                           
                           0.0            0.0            4.221872E-04   1.931248E-03  -2.801155E-03   0.0                           
0  1.800000E+01     G      0.0            0.0           -2.816035E-03  -1.040607E-02   1.114053E-02   0.0                           
                           0.0            0.0            4.264712E-04   1.975904E-03  -3.030527E-03   0.0                           
0  1.850000E+01     G      0.0            0.0           -2.674230E-03  -1.003638E-02   1.139925E-02   0.0                           
                           0.0            0.0            4.288636E-04   2.015560E-03  -3.271709E-03   0.0                           
0  1.900000E+01     G      0.0            0.0           -2.547912E-03  -9.713330E-03   1.168504E-02   0.0                           
                           0.0            0.0            4.298898E-04   2.051921E-03  -3.527665E-03   0.0                           
0  1.950000E+01     G      0.0            0.0           -2.435454E-03  -9.432743E-03   1.200145E-02   0.0                           
                           0.0            0.0            4.299713E-04   2.086415E-03  -3.801817E-03   0.0                           
0  2.000000E+01     G      0.0            0.0           -2.335517E-03  -9.191295E-03   1.235263E-02   0.0                           
                           0.0            0.0            4.294546E-04   2.120286E-03  -4.098176E-03   0.0                           
0  2.050000E+01     G      0.0            0.0           -2.247012E-03  -8.986440E-03   1.274348E-02   0.0                           
                           0.0            0.0            4.286332E-04   2.154664E-03  -4.421556E-03   0.0                           
0  2.100000E+01     G      0.0            0.0           -2.169068E-03  -8.816344E-03   1.317986E-02   0.0                           
                           0.0            0.0            4.277663E-04   2.190629E-03  -4.777813E-03   0.0                           
0  2.150000E+01     G      0.0            0.0           -2.101016E-03  -8.679857E-03   1.366882E-02   0.0                           
                           0.0            0.0            4.270954E-04   2.229283E-03  -5.174204E-03   0.0                           
0  2.200000E+01     G      0.0            0.0           -2.042381E-03  -8.576528E-03   1.421894E-02   0.0                           
                           0.0            0.0            4.268609E-04   2.271815E-03  -5.619862E-03   0.0                           
0  2.250000E+01     G      0.0            0.0           -1.992877E-03  -8.506645E-03   1.484070E-02   0.0                           
                           0.0            0.0            4.273205E-04   2.319595E-03  -6.126490E-03   0.0                           
1     flat plate, SOL 146 gust response                                     /    95 SUN SOLARIS NASTRAN    / OCT  7, 26 / PAGE    27
      1 m/s vertical gust, 40 m/s, Mach 0.1                                                                                         
0                                                                                                            SUBCASE 1              
      POINT-ID =      43
                                       C O M P L E X   D I S P L A C E M E N T   V E C T O R
                                                          (REAL/IMAGINARY)
 
      FREQUENCY   TYPE          T1             T2             T3             R1             R2             R3
0  2.300000E+01     G      0.0            0.0           -1.952422E-03  -8.471328E-03   1.554712E-02   0.0                           
                           0.0            0.0            4.287712E-04   2.374284E-03  -6.709334E-03   0.0                           
0  2.350000E+01     G      0.0            0.0           -1.921163E-03  -8.472705E-03   1.635441E-02   0.0                           
                           0.0            0.0            4.315829E-04   2.438015E-03  -7.388658E-03   0.0                           
0  2.400000E+01     G      0.0            0.0           -1.899519E-03  -8.514138E-03   1.728302E-02   0.0                           
                           0.0            0.0            4.362427E-04   2.513642E-03  -8.191966E-03   0.0                           
0  2.450000E+01     G      0.0            0.0           -1.888255E-03  -8.600621E-03   1.835895E-02   0.0                           
                           0.0            0.0            4.434297E-04   2.605146E-03  -9.157436E-03   0.0                           
0  2.500000E+01     G      0.0            0.0           -1.888588E-03  -8.739335E-03   1.961542E-02   0.0                           
                           0.0            0.0            4.541360E-04   2.718316E-03  -1.033954E-02   0.0                           
0  2.550000E+01     G      0.0            0.0           -1.902361E-03  -8.940523E-03   2.109497E-02   0.0                           
                           0.0            0.0            4.698781E-04   2.861909E-03  -1.181826E-02   0.0                           
0  2.600000E+01     G      0.0            0.0           -1.932307E-03  -9.218762E-03   2.285150E-02   0.0                           
                           0.0            0.0            4.930837E-04   3.049775E-03  -1.371528E-02   0.0                           
0  2.650000E+01     G      0.0            0.0           -1.982441E-03  -9.594841E-03   2.495048E-02   0.0                           
                           0.0            0.0            5.278357E-04   3.304901E-03  -1.622307E-02   0.0                           
0  2.700000E+01     G      0.0            0.0           -2.058612E-03  -1.009826E-02   2.746195E-02   0.0                           
                           0.0            0.0            5.813740E-04   3.667514E-03  -1.966003E-02   0.0                           
0  2.750000E+01     G      0.0            0.0           -2.169089E-03  -1.076933E-02   3.042564E-02   0.0                           
                           0.0            0.0            6.673501E-04   4.212439E-03  -2.457953E-02   0.0                           
0  2.800000E+01     G      0.0            0.0           -2.324076E-03  -1.165442E-02   3.371628E-02   0.0                           
                           0.0            0.0            8.132837E-04   5.088334E-03  -3.199104E-02   0.0                           
0  2.850000E+01     G      0.0            0.0           -2.528475E-03  -1.276256E-02   3.653777E-02   0.0                           
                           0.0            0.0            1.078134E-03   6.608321E-03  -4.378192E-02   0.0                           
0  2.900000E+01     G      0.0            0.0           -2.739176E-03  -1.382928E-02   3.553784E-02   0.0                           
                           0.0            0.0            1.587976E-03   9.425661E-03  -6.312230E-02   0.0                           
0  2.950000E+01     G      0.0            0.0           -2.677952E-03  -1.333186E-02   1.923888E-02   0.0                           
                           0.0            0.0            2.525532E-03   1.442283E-02  -9.112382E-02   0.0                           
0  3.000000E+01     G      0.0            0.0           -1.620209E-03  -7.555976E-03  -2.856347E-02   0.0                           
                           0.0            0.0            3.518224E-03   1.941767E-02  -1.046628E-01   0.0                           
1     flat plate, SOL 146 gust response                                     /    95 SUN SOLARIS NASTRAN    / OCT  7, 26 / PAGE    28
      1 m/s vertical gust, 40 m/s, Mach 0.1                                                                                         
0                                                                                                            SUBCASE 1              
      POINT-ID =      43
                                       C O M P L E X   D I S P L A C E M E N T   V E C T O R
                                                          (REAL/IMAGINARY)
 
      FREQUENCY   TYPE          T1             T2             T3             R1             R2             R3
0  3.050000E+01     G      0.0            0.0           -8.817685E-05   3.296373E-04  -6.956317E-02   0.0                           
                           0.0            0.0            3.185264E-03   1.727566E-02  -6.981941E-02   0.0                           
0  3.100000E+01     G      0.0            0.0            4.410741E-04   2.727003E-03  -6.939813E-02   0.0                           
                           0.0            0.0            2.204427E-03   1.201552E-02  -3.121618E-02   0.0                           
0  3.150000E+01     G      0.0            0.0            3.921118E-04   2.165674E-03  -5.674954E-02   0.0                           
                           0.0            0.0            1.546170E-03   8.635812E-03  -1.175654E-02   0.0                           
0  3.200000E+01     G      0.0            0.0            2.297843E-04   1.091522E-03  -4.545587E-02   0.0                           
                           0.0            0.0            1.184816E-03   6.863814E-03  -3.142966E-03   0.0                           
0  3.250000E+01     G      0.0            0.0            7.593574E-05   1.063535E-04  -3.704901E-02   0.0                           
                           0.0            0.0            9.839523E-04   5.944381E-03   7.839868E-04   0.0                           
0  3.300000E+01     G      0.0            0.0           -5.085618E-05  -7.152388E-04  -3.087846E-02   0.0                           
                           0.0            0.0            8.681837E-04   5.475580E-03   2.648303E-03   0.0                           
0  3.350000E+01     G      0.0            0.0           -1.535029E-04  -1.400779E-03  -2.625823E-02   0.0                           
                           0.0            0.0            8.007758E-04   5.266435E-03   3.544866E-03   0.0                           
0  3.400000E+01     G      0.0            0.0           -2.378711E-04  -1.988087E-03  -2.270843E-02   0.0                           
                           0.0            0.0            7.634363E-04   5.224807E-03   3.959676E-03   0.0                           
0  3.450000E+01     G      0.0            0.0           -3.091126E-04  -2.508796E-03  -1.991282E-02   0.0                           
                           0.0            0.0            7.467495E-04   5.306021E-03   4.123922E-03   0.0                           
0  3.500000E+01     G      0.0            0.0           -3.712264E-04  -2.987357E-03  -1.766208E-02   0.0                           
                           0.0            0.0            7.458947E-04   5.490455E-03   4.154490E-03   0.0                           
0  3.550000E+01     G      0.0            0.0           -4.272532E-04  -3.442659E-03  -1.581465E-02   0.0                           
                           0.0            0.0            7.586974E-04   5.773790E-03   4.113552E-03   0.0                           
0  3.600000E+01     G      0.0            0.0           -4.795273E-04  -3.889622E-03  -1.427207E-02   0.0                           
                           0.0            0.0            7.847633E-04   6.163266E-03   4.035592E-03   0.0                           
0  3.650000E+01     G      0.0            0.0           -5.298406E-04  -4.340044E-03  -1.296394E-02   0.0                           
                           0.0            0.0            8.251854E-04   6.677372E-03   3.940440E-03   0.0                           
0  3.700000E+01     G      0.0            0.0           -5.794884E-04  -4.802440E-03  -1.183831E-02   0.0                           
                           0.0            0.0            8.826412E-04   7.348316E-03   3.839861E-03   0.0                           
0  3.750000E+01     G      0.0            0.0           -6.291116E-04  -5.280054E-03  -1.085548E-02   0.0                           
                           0.0            0.0            9.618670E-04   8.227722E-03   3.741049E-03   0.0                           
1     flat plate, SOL 146 gust response                                     /    95 SUN SOLARIS NASTRAN    / OCT  7, 26 / PAGE    29
      1 m/s vertical gust, 40 m/s, Mach 0.1                                                                                         
0                                                                                                            SUBCASE 1              
      POINT-ID =      43
                                       C O M P L E X   D I S P L A C E M E N T   V E C T O R
                                                          (REAL/IMAGINARY)
 
      FREQUENCY   TYPE          T1             T2             T3             R1             R2             R3
0  3.800000E+01     G      0.0            0.0           -6.781389E-04  -5.764965E-03  -9.983446E-03   0.0                           
                           0.0            0.0            1.070662E-03   9.397390E-03   3.648422E-03   0.0                           
0  3.850000E+01     G      0.0            0.0           -7.232514E-04  -6.222449E-03  -9.194324E-03   0.0                           
                           0.0            0.0            1.221722E-03   1.098837E-02   3.564300E-03   0.0                           
0  3.900000E+01     G      0.0            0.0           -7.542822E-04  -6.549495E-03  -8.460655E-03   0.0                           
                           0.0            0.0            1.435726E-03   1.321284E-02   3.488179E-03   0.0                           
0  3.950000E+01     G      0.0            0.0           -7.430127E-04  -6.461357E-03  -7.750825E-03   0.0                           
                           0.0            0.0            1.745386E-03   1.640639E-02   3.412808E-03   0.0                           
0  4.000000E+01     G      0.0            0.0           -6.125047E-04  -5.180091E-03  -7.024951E-03   0.0                           
                           0.0            0.0            2.193238E-03   2.100840E-02   3.310814E-03   0.0                           
0  4.050000E+01     G      0.0            0.0           -1.679140E-04  -7.274048E-04  -6.248955E-03   0.0                           
                           0.0            0.0            2.775604E-03   2.699978E-02   3.097091E-03   0.0                           
0  4.100000E+01     G      0.0            0.0            8.961121E-04   1.002527E-02  -5.515392E-03   0.0                           
                           0.0            0.0            3.165340E-03   3.108896E-02   2.593780E-03   0.0                           
0  4.150000E+01     G      0.0            0.0            2.223472E-03   2.353957E-02  -5.226607E-03   0.0                           
                           0.0            0.0            2.534681E-03   2.484497E-02   1.840710E-03   0.0                           
0  4.200000E+01     G      0.0            0.0            2.578988E-03   2.725224E-02  -5.402362E-03   0.0                           
                           0.0            0.0            1.220176E-03   1.157201E-02   1.419843E-03   0.0                           
0  4.250000E+01     G      0.0            0.0            2.180287E-03   2.326995E-02  -5.516765E-03   0.0                           
                           0.0            0.0            3.554066E-04   2.792498E-03   1.393083E-03   0.0                           
0  4.300000E+01     G      0.0            0.0            1.706927E-03   1.848542E-02  -5.457584E-03   0.0                           
                           0.0            0.0           -2.535353E-05  -1.084388E-03   1.470089E-03   0.0                           
0  4.350000E+01     G      0.0            0.0            1.340001E-03   1.475914E-02  -5.305960E-03   0.0                           
                           0.0            0.0           -1.736810E-04  -2.594918E-03   1.537243E-03   0.0                           
0  4.400000E+01     G      0.0            0.0            1.074206E-03   1.204969E-02  -5.118889E-03   0.0                           
                           0.0            0.0           -2.251108E-04  -3.114676E-03   1.577836E-03   0.0                           
0  4.450000E+01     G      0.0            0.0            8.804122E-04   1.006676E-02  -4.922797E-03   0.0                           
                           0.0            0.0           -2.362948E-04  -3.220981E-03   1.596404E-03   0.0                           
0  4.500000E+01     G      0.0            0.0            7.357342E-04   8.580400E-03  -4.729127E-03   0.0                           
                           0.0            0.0           -2.306679E-04  -3.153562E-03   1.599386E-03   0.0                           
1     flat plate, SOL 146 gust response                                     /    95 SUN SOLARIS NASTRAN    / OCT  7, 26 / PAGE    30
      1 m/s vertical gust, 40 m/s, Mach 0.1                                                                                         
0                                                                                                            SUBCASE 1              
      POINT-ID =      43
                                       C O M P L E X   D I S P L A C E M E N T   V E C T O R
                                                          (REAL/IMAGINARY)
 
      FREQUENCY   TYPE          T1             T2             T3             R1             R2             R3
0  4.550000E+01     G      0.0            0.0            6.249099E-04   7.436750E-03  -4.542705E-03   0.0                           
                           0.0            0.0           -2.182855E-04  -3.015710E-03   1.591782E-03   0.0                           
0  4.600000E+01     G      0.0            0.0            5.379908E-04   6.535370E-03  -4.365414E-03   0.0                           
                           0.0            0.0           -2.036129E-04  -2.853533E-03   1.577083E-03   0.0                           
0  4.650000E+01     G      0.0            0.0            4.683995E-04   5.809779E-03  -4.197778E-03   0.0                           
                           0.0            0.0           -1.886653E-04  -2.687990E-03   1.557672E-03   0.0                           
0  4.700000E+01     G      0.0            0.0            4.116822E-04   5.214933E-03  -4.039689E-03   0.0                           
                           0.0            0.0           -1.743368E-04  -2.528475E-03   1.535175E-03   0.0                           
0  4.750000E+01     G      0.0            0.0            3.647483E-04   4.719559E-03  -3.890756E-03   0.0                           
                           0.0            0.0           -1.609933E-04  -2.378916E-03   1.510719E-03   0.0                           
0  4.800000E+01     G      0.0            0.0            3.253977E-04   4.301389E-03  -3.750465E-03   0.0                           
                           0.0            0.0           -1.487475E-04  -2.240593E-03   1.485090E-03   0.0                           
0  4.850000E+01     G      0.0            0.0            2.920297E-04   3.944216E-03  -3.618258E-03   0.0                           
                           0.0            0.0           -1.375919E-04  -2.113523E-03   1.458840E-03   0.0                           
0  4.900000E+01     G      0.0            0.0            2.634538E-04   3.635986E-03  -3.493585E-03   0.0                           
                           0.0            0.0           -1.274642E-04  -1.997134E-03   1.432366E-03   0.0                           
0  4.950000E+01     G      0.0            0.0            2.387702E-04   3.367585E-03  -3.375914E-03   0.0                           
                           0.0            0.0           -1.182807E-04  -1.890614E-03   1.405948E-03   0.0                           
0  5.000000E+01     G      0.0            0.0            2.172864E-04   3.131999E-03  -3.264749E-03   0.0                           
                           0.0            0.0           -1.099527E-04  -1.793086E-03   1.379786E-03   0.0                           
0  5.050000E+01     G      0.0            0.0            1.984613E-04   2.923742E-03  -3.159627E-03   0.0                           
                           0.0            0.0           -1.023931E-04  -1.703681E-03   1.354026E-03   0.0                           
0  5.100000E+01     G      0.0            0.0            1.818671E-04   2.738480E-03  -3.060120E-03   0.0                           
                           0.0            0.0           -9.552164E-05  -1.621591E-03   1.328768E-03   0.0                           
0  5.150000E+01     G      0.0            0.0            1.671608E-04   2.572734E-03  -2.965837E-03   0.0                           
                           0.0            0.0           -8.926541E-05  -1.546076E-03   1.304081E-03   0.0                           
0  5.200000E+01     G      0.0            0.0            1.540651E-04   2.423692E-03  -2.876419E-03   0.0                           
                           0.0            0.0           -8.355915E-05  -1.476473E-03   1.280014E-03   0.0                           
0  5.250000E+01     G      0.0            0.0            1.423525E-04   2.289041E-03  -2.791533E-03   0.0                           
                           0.0            0.0           -7.834475E-05  -1.412188E-03   1.256596E-03   0.0                           
1     flat plate, SOL 146 gust response                                     /    95 SUN SOLARIS NASTRAN    / OCT  7, 26 / PAGE    31
      1 m/s vertical gust, 40 m/s, Mach 0.1                                                                                         
0                                                                                                            SUBCASE 1              
      POINT-ID =      43
                                       C O M P L E X   D I S P L A C E M E N T   V E C T O R
                                                          (REAL/IMAGINARY)
 
      FREQUENCY   TYPE          T1             T2             T3             R1             R2             R3
0  5.300000E+01     G      0.0            0.0            1.318357E-04   2.166882E-03  -2.710879E-03   0.0                           
                           0.0            0.0           -7.357100E-05  -1.352696E-03   1.233845E-03   0.0                           
0  5.350000E+01     G      0.0            0.0            1.223588E-04   2.055627E-03  -2.634178E-03   0.0                           
                           0.0            0.0           -6.919271E-05  -1.297529E-03   1.211770E-03   0.0                           
0  5.400000E+01     G      0.0            0.0            1.137908E-04   1.953945E-03  -2.561175E-03   0.0                           
                           0.0            0.0           -6.516981E-05  -1.246275E-03   1.190370E-03   0.0                           
0  5.450000E+01     G      0.0            0.0            1.060214E-04   1.860711E-03  -2.491637E-03   0.0                           
                           0.0            0.0           -6.146722E-05  -1.198568E-03   1.169642E-03   0.0                           
0  5.500000E+01     G      0.0            0.0            9.895672E-05   1.774967E-03  -2.425349E-03   0.0                           
                           0.0            0.0           -5.805366E-05  -1.154083E-03   1.149577E-03   0.0                           
0  5.550000E+01     G      0.0            0.0            9.251651E-05   1.695894E-03  -2.362111E-03   0.0                           
                           0.0            0.0           -5.490157E-05  -1.112532E-03   1.130164E-03   0.0                           
0  5.600000E+01     G      0.0            0.0            8.663174E-05   1.622784E-03  -2.301742E-03   0.0                           
                           0.0            0.0           -5.198652E-05  -1.073657E-03   1.111391E-03   0.0                           
0  5.650000E+01     G      0.0            0.0            8.124292E-05   1.555029E-03  -2.244073E-03   0.0                           
                           0.0            0.0           -4.928677E-05  -1.037230E-03   1.093243E-03   0.0                           
0  5.700000E+01     G      0.0            0.0            7.629837E-05   1.492098E-03  -2.188948E-03   0.0                           
                           0.0            0.0           -4.678300E-05  -1.003046E-03   1.075703E-03   0.0                           
0  5.750000E+01     G      0.0            0.0            7.175283E-05   1.433525E-03  -2.136223E-03   0.0                           
                           0.0            0.0           -4.445784E-05  -9.709216E-04   1.058757E-03   0.0                           
0  5.800000E+01     G      0.0            0.0            6.756706E-05   1.378905E-03  -2.085765E-03   0.0                           
                           0.0            0.0           -4.229592E-05  -9.406914E-04   1.042389E-03   0.0                           
0  5.850000E+01     G      0.0            0.0            6.370621E-05   1.327879E-03  -2.037452E-03   0.0                           
                           0.0            0.0           -4.028342E-05  -9.122087E-04   1.026581E-03   0.0                           
0  5.900000E+01     G      0.0            0.0            6.013984E-05   1.280131E-03  -1.991167E-03   0.0                           
                           0.0            0.0           -3.840794E-05  -8.853392E-04   1.011319E-03   0.0                           
0  5.950000E+01     G      0.0            0.0            5.684076E-05   1.235378E-03  -1.946805E-03   0.0                           
                           0.0            0.0           -3.665828E-05  -8.599628E-04   9.965856E-04   0.0                           
0  6.000000E+01     G      0.0            0.0            5.378508E-05   1.193373E-03  -1.904266E-03   0.0                           
                           0.0            0.0           -3.502435E-05  -8.359697E-04   9.823662E-04   0.0                           
1     flat plate, SOL 146 gust response                                     /    95 SUN SOLARIS NASTRAN    / OCT  7, 26 / PAGE    32
      1 m/s vertical gust, 40 m/s, Mach 0.1                                                                                         
0                                                                                                            SUBCASE 1              
      POINT-ID =      43
                                       C O M P L E X   D I S P L A C E M E N T   V E C T O R
                                                          (REAL/IMAGINARY)
 
      FREQUENCY   TYPE          T1             T2             T3             R1             R2             R3
0  6.050000E+01     G      0.0            0.0            5.095138E-05   1.153890E-03  -1.863460E-03   0.0                           
                           0.0            0.0           -3.349712E-05  -8.132619E-04   9.686458E-04   0.0                           
0  6.100000E+01     G      0.0            0.0            4.832051E-05   1.116730E-03  -1.824300E-03   0.0                           
                           0.0            0.0           -3.206832E-05  -7.917488E-04   9.554097E-04   0.0                           
0  6.150000E+01     G      0.0            0.0            4.587547E-05   1.081714E-03  -1.786706E-03   0.0                           
                           0.0            0.0           -3.073050E-05  -7.713487E-04   9.426440E-04   0.0                           
0  6.200000E+01     G      0.0            0.0            4.360089E-05   1.048681E-03  -1.750604E-03   0.0                           
                           0.0            0.0           -2.947691E-05  -7.519874E-04   9.303359E-04   0.0                           
0  6.250000E+01     G      0.0            0.0            4.148301E-05   1.017484E-03  -1.715925E-03   0.0                           
                           0.0            0.0           -2.830135E-05  -7.335962E-04   9.184721E-04   0.0                           
0  6.300000E+01     G      0.0            0.0            3.950938E-05   9.879906E-04  -1.682603E-03   0.0                           
                           0.0            0.0           -2.719826E-05  -7.161130E-04   9.070407E-04   0.0                           
0  6.350000E+01     G      0.0            0.0            3.766880E-05   9.600832E-04  -1.650580E-03   0.0                           
                           0.0            0.0           -2.616251E-05  -6.994808E-04   8.960298E-04   0.0                           
0  6.400000E+01     G      0.0            0.0            3.595110E-05   9.336525E-04  -1.619796E-03   0.0                           
                           0.0            0.0           -2.518940E-05  -6.836470E-04   8.854289E-04   0.0                           
0  6.450000E+01     G      0.0            0.0            3.434704E-05   9.085989E-04  -1.590199E-03   0.0                           
                           0.0            0.0           -2.427473E-05  -6.685642E-04   8.752283E-04   0.0                           
0  6.500000E+01     G      0.0            0.0            3.284815E-05   8.848310E-04  -1.561738E-03   0.0                           
                           0.0            0.0           -2.341458E-05  -6.541882E-04   8.654182E-04   0.0                           
0  6.550000E+01     G      0.0            0.0            3.144680E-05   8.622654E-04  -1.534364E-03   0.0                           
                           0.0            0.0           -2.260536E-05  -6.404782E-04   8.559902E-04   0.0                           
0  6.600000E+01     G      0.0            0.0            3.013599E-05   8.408258E-04  -1.508034E-03   0.0                           
                           0.0            0.0           -2.184383E-05  -6.273972E-04   8.469354E-04   0.0                           
0  6.650000E+01     G      0.0            0.0            2.890937E-05   8.204426E-04  -1.482704E-03   0.0                           
                           0.0            0.0           -2.112691E-05  -6.149102E-04   8.382470E-04   0.0                           
0  6.700000E+01     G      0.0            0.0            2.776103E-05   8.010507E-04  -1.458335E-03   0.0                           
                           0.0            0.0           -2.045188E-05  -6.029856E-04   8.299176E-04   0.0                           
0  6.750000E+01     G      0.0            0.0            2.668572E-05   7.825915E-04  -1.434891E-03   0.0                           
                           0.0            0.0           -1.981614E-05  -5.915937E-04   8.219400E-04   0.0                           
1     flat plate, SOL 146 gust response                                     /    95 SUN SOLARIS NASTRAN    / OCT  7, 26 / PAGE    33
      1 m/s vertical gust, 40 m/s, Mach 0.1                                                                                         
0                                                                                                            SUBCASE 1              
      POINT-ID =      43
                                       C O M P L E X   D I S P L A C E M E N T   V E C T O R
                                                          (REAL/IMAGINARY)
 
      FREQUENCY   TYPE          T1             T2             T3             R1             R2             R3
0  6.800000E+01     G      0.0            0.0            2.567848E-05   7.650107E-04  -1.412336E-03   0.0                           
                           0.0            0.0           -1.921735E-05  -5.807067E-04   8.143083E-04   0.0                           
0  6.850000E+01     G      0.0            0.0            2.473489E-05   7.482582E-04  -1.390638E-03   0.0                           
                           0.0            0.0           -1.865329E-05  -5.702993E-04   8.070171E-04   0.0                           
0  6.900000E+01     G      0.0            0.0            2.385072E-05   7.322866E-04  -1.369766E-03   0.0                           
                           0.0            0.0           -1.812195E-05  -5.603476E-04   8.000608E-04   0.0                           
0  6.950000E+01     G      0.0            0.0            2.302227E-05   7.170542E-04  -1.349693E-03   0.0                           
                           0.0            0.0           -1.762143E-05  -5.508292E-04   7.934353E-04   0.0                           
0  7.000000E+01     G      0.0            0.0            2.224602E-05   7.025211E-04  -1.330391E-03   0.0                           
                           0.0            0.0           -1.715004E-05  -5.417243E-04   7.871362E-04   0.0                           
0  7.050000E+01     G      0.0            0.0            2.151875E-05   6.886506E-04  -1.311835E-03   0.0                           
                           0.0            0.0           -1.670613E-05  -5.330129E-04   7.811599E-04   0.0                           
0  7.100000E+01     G      0.0            0.0            2.083751E-05   6.754088E-04  -1.294002E-03   0.0                           
                           0.0            0.0           -1.628823E-05  -5.246776E-04   7.755036E-04   0.0                           
0  7.150000E+01     G      0.0            0.0            2.019952E-05   6.627638E-04  -1.276870E-03   0.0                           
                           0.0            0.0           -1.589492E-05  -5.167014E-04   7.701647E-04   0.0                           
0  7.200000E+01     G      0.0            0.0            1.960232E-05   6.506874E-04  -1.260419E-03   0.0                           
                           0.0            0.0           -1.552497E-05  -5.090694E-04   7.651413E-04   0.0                           
0  7.250000E+01     G      0.0            0.0            1.904350E-05   6.391514E-04  -1.244631E-03   0.0                           
                           0.0            0.0           -1.517713E-05  -5.017665E-04   7.604319E-04   0.0                           
0  7.300000E+01     G      0.0            0.0            1.852097E-05   6.281310E-04  -1.229488E-03   0.0                           
                           0.0            0.0           -1.485029E-05  -4.947790E-04   7.560361E-04   0.0                           
0  7.350000E+01     G      0.0            0.0            1.803270E-05   6.176028E-04  -1.214973E-03   0.0                           
                           0.0            0.0           -1.454344E-05  -4.880948E-04   7.519537E-04   0.0                           
0  7.400000E+01     G      0.0            0.0            1.757688E-05   6.075456E-04  -1.201072E-03   0.0                           
                           0.0            0.0           -1.425561E-05  -4.817017E-04   7.481846E-04   0.0                           
0  7.450000E+01     G      0.0            0.0            1.715173E-05   5.979384E-04  -1.187772E-03   0.0                           
                           0.0            0.0           -1.398590E-05  -4.755890E-04   7.447306E-04   0.0                           
0  7.500000E+01     G      0.0            0.0            1.675581E-05   5.887633E-04  -1.175061E-03   0.0                           
                           0.0            0.0           -1.373350E-05  -4.697463E-04   7.415936E-04   0.0                           
1     flat plate, SOL 146 gust response                                     /    95 SUN SOLARIS NASTRAN    / OCT  7, 26 / PAGE    34
      1 m/s vertical gust, 40 m/s, Mach 0.1                                                                                         
0                                                                                                            SUBCASE 1              
      POINT-ID =      43
                                       C O M P L E X   D I S P L A C E M E N T   V E C T O R
                                                          (REAL/IMAGINARY)
 
      FREQUENCY   TYPE          T1             T2             T3             R1             R2             R3
0  7.550000E+01     G      0.0            0.0            1.638754E-05   5.800024E-04  -1.162926E-03   0.0                           
                           0.0            0.0           -1.349762E-05  -4.641641E-04   7.387758E-04   0.0                           
0  7.600000E+01     G      0.0            0.0            1.604561E-05   5.716393E-04  -1.151360E-03   0.0                           
                           0.0            0.0           -1.327752E-05  -4.588331E-04   7.362808E-04   0.0                           
0  7.650000E+01     G      0.0            0.0            1.572881E-05   5.636598E-04  -1.140353E-03   0.0                           
                           0.0            0.0           -1.307255E-05  -4.537451E-04   7.341123E-04   0.0                           
0  7.700000E+01     G      0.0            0.0            1.543595E-05   5.560497E-04  -1.129897E-03   0.0                           
                           0.0            0.0           -1.288211E-05  -4.488928E-04   7.322760E-04   0.0                           
0  7.750000E+01     G      0.0            0.0            1.516602E-05   5.487960E-04  -1.119987E-03   0.0                           
                           0.0            0.0           -1.270560E-05  -4.442686E-04   7.307773E-04   0.0                           
0  7.800000E+01     G      0.0            0.0            1.491802E-05   5.418874E-04  -1.110616E-03   0.0                           
                           0.0            0.0           -1.254249E-05  -4.398659E-04   7.296236E-04   0.0                           
0  7.850000E+01     G      0.0            0.0            1.469106E-05   5.353127E-04  -1.101783E-03   0.0                           
                           0.0            0.0           -1.239228E-05  -4.356785E-04   7.288228E-04   0.0                           
0  7.900000E+01     G      0.0            0.0            1.448435E-05   5.290622E-04  -1.093483E-03   0.0                           
                           0.0            0.0           -1.225455E-05  -4.317009E-04   7.283835E-04   0.0                           
0  7.950000E+01     G      0.0            0.0            1.429713E-05   5.231269E-04  -1.085715E-03   0.0                           
                           0.0            0.0           -1.212883E-05  -4.279278E-04   7.283170E-04   0.0                           
0  8.000000E+01     G      0.0            0.0            1.412869E-05   5.174979E-04  -1.078480E-03   0.0                           
                           0.0            0.0           -1.201475E-05  -4.243541E-04   7.286345E-04   0.0                           
1     flat plate, SOL 146 gust response                                     /    95 SUN SOLARIS NASTRAN    / OCT  7, 26 / PAGE    35
      1 m/s vertical gust, 40 m/s, Mach 0.1                                                                                         
0                                                                                                            SUBCASE 1              
      POINT-ID =      45
                                       C O M P L E X   D I S P L A C E M E N T   V E C T O R
                                                          (REAL/IMAGINARY)
 
      FREQUENCY   TYPE          T1             T2             T3             R1             R2             R3
0  5.000000E-01     G      0.0            0.0            1.647782E-02   4.590971E-02   8.959208E-03   0.0                           
                           0.0            0.0           -6.874364E-04  -1.936026E-03  -3.820625E-04   0.0                           
0  1.000000E+00     G      0.0            0.0            1.670172E-02   4.653862E-02   8.924345E-03   0.0                           
                           0.0            0.0           -1.408527E-03  -3.967027E-03  -7.688038E-04   0.0                           
0  1.500000E+00     G      0.0            0.0            1.708805E-02   4.762362E-02   8.864265E-03   0.0                           
                           0.0            0.0           -2.203011E-03  -6.205117E-03  -1.165973E-03   0.0                           
0  2.000000E+00     G      0.0            0.0            1.765567E-02   4.921741E-02   8.774359E-03   0.0                           
                           0.0            0.0           -3.123303E-03  -8.798087E-03  -1.580928E-03   0.0                           
0  2.500000E+00     G      0.0            0.0            1.843042E-02   5.139202E-02   8.645632E-03   0.0                           
                           0.0            0.0           -4.244261E-03  -1.195688E-02  -2.023015E-03   0.0                           
0  3.000000E+00     G      0.0            0.0            1.944331E-02   5.423373E-02   8.461841E-03   0.0                           
                           0.0            0.0           -5.680353E-03  -1.600385E-02  -2.504052E-03   0.0                           
0  3.500000E+00     G      0.0            0.0            2.072161E-02   5.781760E-02   8.193766E-03   0.0                           
                           0.0            0.0           -7.616272E-03  -2.145879E-02  -3.038072E-03   0.0                           
0  4.000000E+00     G      0.0            0.0            2.225756E-02   6.211902E-02   7.788111E-03   0.0                           
                           0.0            0.0           -1.036193E-02  -2.919336E-02  -3.637814E-03   0.0                           
0  4.500000E+00     G      0.0            0.0            2.390776E-02   6.672992E-02   7.146545E-03   0.0                           
                           0.0            0.0           -1.444834E-02  -4.069986E-02  -4.300768E-03   0.0                           
0  5.000000E+00     G      0.0            0.0            2.507906E-02   6.997424E-02   6.092447E-03   0.0                           
                           0.0            0.0           -2.074477E-02  -5.841784E-02  -4.958527E-03   0.0                           
0  5.500000E+00     G      0.0            0.0            2.385738E-02   6.645942E-02   4.369667E-03   0.0                           
                           0.0            0.0           -3.026544E-02  -8.518273E-02  -5.314881E-03   0.0                           
0  6.000000E+00     G      0.0            0.0            1.574148E-02   4.353489E-02   1.979691E-03   0.0                           
                           0.0            0.0           -4.197174E-02  -1.180328E-01  -4.532475E-03   0.0                           
0  6.500000E+00     G      0.0            0.0           -2.198820E-03  -6.963510E-03   3.201671E-04   0.0                           
                           0.0            0.0           -4.729140E-02  -1.328321E-01  -1.745122E-03   0.0                           
0  7.000000E+00     G      0.0            0.0           -1.886487E-02  -5.374915E-02   1.242678E-03   0.0                           
                           0.0            0.0           -3.831359E-02  -1.074307E-01   1.405592E-03   0.0                           
0  7.500000E+00     G      0.0            0.0           -2.426223E-02  -6.879946E-02   3.440482E-03   0.0                           
                           0.0            0.0           -2.473201E-02  -6.918264E-02   2.756868E-03   0.0                           
1     flat plate, SOL 146 gust response                                     /    95 SUN SOLARIS NASTRAN    / OCT  7, 26 / PAGE    36
      1 m/s vertical gust, 40 m/s, Mach 0.1                                                                                         
0                                                                                                            SUBCASE 1              
      POINT-ID =      45
                                       C O M P L E X   D I S P L A C E M E N T   V E C T O R
                                                          (REAL/IMAGINARY)
 
      FREQUENCY   TYPE          T1             T2             T3             R1             R2             R3
0  8.000000E+00     G      0.0            0.0           -2.299162E-02  -6.512993E-02   5.237347E-03   0.0                           
                           0.0            0.0           -1.496960E-02  -4.173636E-02   2.778680E-03   0.0                           
0  8.500000E+00     G      0.0            0.0           -2.003793E-02  -5.676182E-02   6.408970E-03   0.0                           
                           0.0            0.0           -9.150273E-03  -2.539560E-02   2.346830E-03   0.0                           
0  9.000000E+00     G      0.0            0.0           -1.716345E-02  -4.863781E-02   7.156216E-03   0.0                           
                           0.0            0.0           -5.735399E-03  -1.581705E-02   1.834956E-03   0.0                           
0  9.500000E+00     G      0.0            0.0           -1.475262E-02  -4.182960E-02   7.651338E-03   0.0                           
                           0.0            0.0           -3.665422E-03  -1.001726E-02   1.353555E-03   0.0                           
0  1.000000E+01     G      0.0            0.0           -1.280421E-02  -3.632849E-02   7.997948E-03   0.0                           
                           0.0            0.0           -2.357748E-03  -6.357683E-03   9.255155E-04   0.0                           
0  1.050000E+01     G      0.0            0.0           -1.123668E-02  -3.190223E-02   8.255356E-03   0.0                           
                           0.0            0.0           -1.498857E-03  -3.957310E-03   5.485626E-04   0.0                           
0  1.100000E+01     G      0.0            0.0           -9.967580E-03  -2.831741E-02   8.458175E-03   0.0                           
                           0.0            0.0           -9.152425E-04  -2.328926E-03   2.145668E-04   0.0                           
0  1.150000E+01     G      0.0            0.0           -8.930075E-03  -2.538508E-02   8.627393E-03   0.0                           
                           0.0            0.0           -5.069858E-04  -1.192141E-03  -8.486254E-05   0.0                           
0  1.200000E+01     G      0.0            0.0           -8.073118E-03  -2.296109E-02   8.776322E-03   0.0                           
                           0.0            0.0           -2.141843E-04  -3.789796E-04  -3.569721E-04   0.0                           
0  1.250000E+01     G      0.0            0.0           -7.358332E-03  -2.093713E-02   8.913795E-03   0.0                           
                           0.0            0.0            4.366082E-07   2.150018E-04  -6.077260E-04   0.0                           
0  1.300000E+01     G      0.0            0.0           -6.756850E-03  -1.923173E-02   9.045956E-03   0.0                           
                           0.0            0.0            1.608577E-04   6.569364E-04  -8.419856E-04   0.0                           
0  1.350000E+01     G      0.0            0.0           -6.246758E-03  -1.778304E-02   9.177266E-03   0.0                           
                           0.0            0.0            2.829559E-04   9.912177E-04  -1.063738E-03   0.0                           
0  1.400000E+01     G      0.0            0.0           -5.811250E-03  -1.654364E-02   9.311094E-03   0.0                           
                           0.0            0.0            3.775195E-04   1.247960E-03  -1.276296E-03   0.0                           
0  1.450000E+01     G      0.0            0.0           -5.437324E-03  -1.547680E-02   9.450161E-03   0.0                           
                           0.0            0.0            4.520575E-04   1.448078E-03  -1.482488E-03   0.0                           
0  1.500000E+01     G      0.0            0.0           -5.114825E-03  -1.455380E-02   9.596786E-03   0.0                           
                           0.0            0.0            5.119133E-04   1.606407E-03  -1.684805E-03   0.0                           
1     flat plate, SOL 146 gust response                                     /    95 SUN SOLARIS NASTRAN    / OCT  7, 26 / PAGE    37
      1 m/s vertical gust, 40 m/s, Mach 0.1                                                                                         
0                                                                                                            SUBCASE 1              
      POINT-ID =      45
                                       C O M P L E X   D I S P L A C E M E N T   V E C T O R
                                                          (REAL/IMAGINARY)
 
      FREQUENCY   TYPE          T1             T2             T3             R1             R2             R3
0  1.550000E+01     G      0.0            0.0           -4.835739E-03  -1.375195E-02   9.753059E-03   0.0                           
                           0.0            0.0            5.609682E-04   1.733672E-03  -1.885509E-03   0.0                           
0  1.600000E+01     G      0.0            0.0           -4.593700E-03  -1.305321E-02   9.920971E-03   0.0                           
                           0.0            0.0            6.020973E-04   1.837763E-03  -2.086728E-03   0.0                           
0  1.650000E+01     G      0.0            0.0           -4.383611E-03  -1.244305E-02   1.010249E-02   0.0                           
                           0.0            0.0            6.374765E-04   1.924590E-03  -2.290530E-03   0.0                           
0  1.700000E+01     G      0.0            0.0           -4.201379E-03  -1.190978E-02   1.029969E-02   0.0                           
                           0.0            0.0            6.687896E-04   1.998658E-03  -2.499003E-03   0.0                           
0  1.750000E+01     G      0.0            0.0           -4.043709E-03  -1.144391E-02   1.051473E-02   0.0                           
                           0.0            0.0            6.973711E-04   2.063464E-03  -2.714316E-03   0.0                           
0  1.800000E+01     G      0.0            0.0           -3.907953E-03  -1.103776E-02   1.075003E-02   0.0                           
                           0.0            0.0            7.243131E-04   2.121783E-03  -2.938801E-03   0.0                           
0  1.850000E+01     G      0.0            0.0           -3.791993E-03  -1.068508E-02   1.100827E-02   0.0                           
                           0.0            0.0            7.505402E-04   2.175867E-03  -3.175026E-03   0.0                           
0  1.900000E+01     G      0.0            0.0           -3.694169E-03  -1.038088E-02   1.129251E-02   0.0                           
                           0.0            0.0            7.768707E-04   2.227607E-03  -3.425892E-03   0.0                           
0  1.950000E+01     G      0.0            0.0           -3.613202E-03  -1.012118E-02   1.160628E-02   0.0                           
                           0.0            0.0            8.040646E-04   2.278649E-03  -3.694758E-03   0.0                           
0  2.000000E+01     G      0.0            0.0           -3.548170E-03  -9.902927E-03   1.195370E-02   0.0                           
                           0.0            0.0            8.328650E-04   2.330485E-03  -3.985565E-03   0.0                           
0  2.050000E+01     G      0.0            0.0           -3.498470E-03  -9.723882E-03   1.233961E-02   0.0                           
                           0.0            0.0            8.640427E-04   2.384547E-03  -4.303046E-03   0.0                           
0  2.100000E+01     G      0.0            0.0           -3.463811E-03  -9.582585E-03   1.276981E-02   0.0                           
                           0.0            0.0            8.984372E-04   2.442285E-03  -4.652972E-03   0.0                           
0  2.150000E+01     G      0.0            0.0           -3.444226E-03  -9.478341E-03   1.325123E-02   0.0                           
                           0.0            0.0            9.370097E-04   2.505254E-03  -5.042494E-03   0.0                           
0  2.200000E+01     G      0.0            0.0           -3.440087E-03  -9.411256E-03   1.379229E-02   0.0                           
                           0.0            0.0            9.809061E-04   2.575218E-03  -5.480615E-03   0.0                           
0  2.250000E+01     G      0.0            0.0           -3.452147E-03  -9.382290E-03   1.440332E-02   0.0                           
                           0.0            0.0            1.031545E-03   2.654282E-03  -5.978872E-03   0.0                           
1     flat plate, SOL 146 gust response                                     /    95 SUN SOLARIS NASTRAN    / OCT  7, 26 / PAGE    38
      1 m/s vertical gust, 40 m/s, Mach 0.1                                                                                         
0                                                                                                            SUBCASE 1              
      POINT-ID =      45
                                       C O M P L E X   D I S P L A C E M E N T   V E C T O R
                                                          (REAL/IMAGINARY)
 
      FREQUENCY   TYPE          T1             T2             T3             R1             R2             R3
0  2.300000E+01     G      0.0            0.0           -3.481611E-03  -9.393415E-03   1.509708E-02   0.0                           
                           0.0            0.0            1.090735E-03   2.745069E-03  -6.552303E-03   0.0                           
0  2.350000E+01     G      0.0            0.0           -3.530231E-03  -9.447812E-03   1.588947E-02   0.0                           
                           0.0            0.0            1.160856E-03   2.850990E-03  -7.220890E-03   0.0                           
0  2.400000E+01     G      0.0            0.0           -3.600447E-03  -9.550175E-03   1.680054E-02   0.0                           
                           0.0            0.0            1.245124E-03   2.976632E-03  -8.011760E-03   0.0                           
0  2.450000E+01     G      0.0            0.0           -3.695592E-03  -9.707197E-03   1.785575E-02   0.0                           
                           0.0            0.0            1.348006E-03   3.128392E-03  -8.962561E-03   0.0                           
0  2.500000E+01     G      0.0            0.0           -3.820166E-03  -9.928242E-03   1.908763E-02   0.0                           
                           0.0            0.0            1.475894E-03   3.315503E-03  -1.012700E-02   0.0                           
0  2.550000E+01     G      0.0            0.0           -3.980215E-03  -1.022635E-02   2.053779E-02   0.0                           
                           0.0            0.0            1.638239E-03   3.551788E-03  -1.158395E-02   0.0                           
0  2.600000E+01     G      0.0            0.0           -4.183788E-03  -1.061967E-02   2.225886E-02   0.0                           
                           0.0            0.0            1.849534E-03   3.858819E-03  -1.345333E-02   0.0                           
0  2.650000E+01     G      0.0            0.0           -4.441353E-03  -1.113337E-02   2.431467E-02   0.0                           
                           0.0            0.0            2.132945E-03   4.271809E-03  -1.592479E-02   0.0                           
0  2.700000E+01     G      0.0            0.0           -4.765643E-03  -1.180175E-02   2.677307E-02   0.0                           
                           0.0            0.0            2.527273E-03   4.851259E-03  -1.931198E-02   0.0                           
0  2.750000E+01     G      0.0            0.0           -5.168762E-03  -1.266824E-02   2.967136E-02   0.0                           
                           0.0            0.0            3.101012E-03   5.707306E-03  -2.415973E-02   0.0                           
0  2.800000E+01     G      0.0            0.0           -5.648318E-03  -1.377225E-02   3.288282E-02   0.0                           
                           0.0            0.0            3.981690E-03   7.053233E-03  -3.146133E-02   0.0                           
0  2.850000E+01     G      0.0            0.0           -6.129984E-03  -1.507386E-02   3.561753E-02   0.0                           
                           0.0            0.0            5.415143E-03   9.323553E-03  -4.307202E-02   0.0                           
0  2.900000E+01     G      0.0            0.0           -6.237885E-03  -1.609772E-02   3.456495E-02   0.0                           
                           0.0            0.0            7.840981E-03   1.337750E-02  -6.210137E-02   0.0                           
0  2.950000E+01     G      0.0            0.0           -4.556232E-03  -1.458900E-02   1.842264E-02   0.0                           
                           0.0            0.0            1.155001E-02   2.018034E-02  -8.960567E-02   0.0                           
0  3.000000E+01     G      0.0            0.0            1.241163E-03  -5.774416E-03  -2.868471E-02   0.0                           
                           0.0            0.0            1.387532E-02   2.608925E-02  -1.027681E-01   0.0                           
1     flat plate, SOL 146 gust response                                     /    95 SUN SOLARIS NASTRAN    / OCT  7, 26 / PAGE    39
      1 m/s vertical gust, 40 m/s, Mach 0.1                                                                                         
0                                                                                                            SUBCASE 1              
      POINT-ID =      45
                                       C O M P L E X   D I S P L A C E M E N T   V E C T O R
                                                          (REAL/IMAGINARY)
 
      FREQUENCY   TYPE          T1             T2             T3             R1             R2             R3
0  3.050000E+01     G      0.0            0.0            6.830066E-03   4.764838E-03  -6.893611E-02   0.0                           
                           0.0            0.0            1.008176E-02   2.176342E-02  -6.832397E-02   0.0                           
0  3.100000E+01     G      0.0            0.0            7.336372E-03   7.189733E-03  -6.865274E-02   0.0                           
                           0.0            0.0            5.275108E-03   1.403711E-02  -3.031388E-02   0.0                           
0  3.150000E+01     G      0.0            0.0            6.030910E-03   5.838661E-03  -5.614445E-02   0.0                           
                           0.0            0.0            2.690244E-03   9.401516E-03  -1.118920E-02   0.0                           
0  3.200000E+01     G      0.0            0.0            4.748346E-03   4.050075E-03  -4.500667E-02   0.0                           
                           0.0            0.0            1.476751E-03   7.068030E-03  -2.735825E-03   0.0                           
0  3.250000E+01     G      0.0            0.0            3.761223E-03   2.529945E-03  -3.672718E-02   0.0                           
                           0.0            0.0            8.875676E-04   5.889588E-03   1.114959E-03   0.0                           
0  3.300000E+01     G      0.0            0.0            3.023192E-03   1.313971E-03  -3.065702E-02   0.0                           
                           0.0            0.0            5.873787E-04   5.295973E-03   2.944355E-03   0.0                           
0  3.350000E+01     G      0.0            0.0            2.463174E-03   3.318935E-04  -2.611745E-02   0.0                           
                           0.0            0.0            4.310589E-04   5.025584E-03   3.828253E-03   0.0                           
0  3.400000E+01     G      0.0            0.0            2.027670E-03  -4.843019E-04  -2.263463E-02   0.0                           
                           0.0            0.0            3.522185E-04   4.954778E-03   4.243934E-03   0.0                           
0  3.450000E+01     G      0.0            0.0            1.680162E-03  -1.186266E-03  -1.989668E-02   0.0                           
                           0.0            0.0            3.185584E-04   5.023833E-03   4.418511E-03   0.0                           
0  3.500000E+01     G      0.0            0.0            1.395900E-03  -1.811762E-03  -1.769741E-02   0.0                           
                           0.0            0.0            3.136716E-04   5.205511E-03   4.467114E-03   0.0                           
0  3.550000E+01     G      0.0            0.0            1.157818E-03  -2.388733E-03  -1.589751E-02   0.0                           
                           0.0            0.0            3.291926E-04   5.491465E-03   4.451502E-03   0.0                           
0  3.600000E+01     G      0.0            0.0            9.538358E-04  -2.938451E-03  -1.440027E-02   0.0                           
                           0.0            0.0            3.612514E-04   5.886760E-03   4.406703E-03   0.0                           
0  3.650000E+01     G      0.0            0.0            7.751982E-04  -3.477313E-03  -1.313660E-02   0.0                           
                           0.0            0.0            4.088812E-04   6.408732E-03   4.353989E-03   0.0                           
0  3.700000E+01     G      0.0            0.0            6.154709E-04  -4.017299E-03  -1.205555E-02   0.0                           
                           0.0            0.0            4.734469E-04   7.089065E-03   4.307641E-03   0.0                           
0  3.750000E+01     G      0.0            0.0            4.700742E-04  -4.564372E-03  -1.111796E-02   0.0                           
                           0.0            0.0            5.587480E-04   7.979315E-03   4.278873E-03   0.0                           
1     flat plate, SOL 146 gust response                                     /    95 SUN SOLARIS NASTRAN    / OCT  7, 26 / PAGE    40
      1 m/s vertical gust, 40 m/s, Mach 0.1                                                                                         
0                                                                                                            SUBCASE 1              
      POINT-ID =      45
                                       C O M P L E X   D I S P L A C E M E N T   V E C T O R
                                                          (REAL/IMAGINARY)
 
      FREQUENCY   TYPE          T1             T2             T3             R1             R2             R3
0  3.800000E+01     G      0.0            0.0            3.363643E-04  -5.112876E-03  -1.029149E-02   0.0                           
                           0.0            0.0            6.717967E-04   9.161672E-03   4.278478E-03   0.0                           
0  3.850000E+01     G      0.0            0.0            2.147447E-04  -5.630068E-03  -9.545917E-03   0.0                           
                           0.0            0.0            8.245023E-04   1.076818E-02   4.318995E-03   0.0                           
0  3.900000E+01     G      0.0            0.0            1.122292E-04  -6.014660E-03  -8.846249E-03   0.0                           
                           0.0            0.0            1.036694E-03   1.301309E-02   4.416526E-03   0.0                           
0  3.950000E+01     G      0.0            0.0            5.271604E-05  -5.982947E-03  -8.139478E-03   0.0                           
                           0.0            0.0            1.340373E-03   1.623611E-02   4.590264E-03   0.0                           
0  4.000000E+01     G      0.0            0.0            1.059348E-04  -4.755101E-03  -7.326342E-03   0.0                           
                           0.0            0.0            1.778901E-03   2.088469E-02   4.848121E-03   0.0                           
0  4.050000E+01     G      0.0            0.0            4.550250E-04  -3.395400E-04  -6.219781E-03   0.0                           
                           0.0            0.0            2.357011E-03   2.695235E-02   5.106786E-03   0.0                           
0  4.100000E+01     G      0.0            0.0            1.401180E-03   1.043477E-02  -4.665014E-03   0.0                           
                           0.0            0.0            2.778871E-03   3.114489E-02   4.939021E-03   0.0                           
0  4.150000E+01     G      0.0            0.0            2.642620E-03   2.405892E-02  -3.324159E-03   0.0                           
                           0.0            0.0            2.248414E-03   2.495007E-02   3.726803E-03   0.0                           
0  4.200000E+01     G      0.0            0.0            2.999139E-03   2.786093E-02  -3.194059E-03   0.0                           
                           0.0            0.0            1.031258E-03   1.161403E-02   2.286934E-03   0.0                           
0  4.250000E+01     G      0.0            0.0            2.627974E-03   2.388752E-02  -3.604912E-03   0.0                           
                           0.0            0.0            2.062739E-04   2.752675E-03   1.575905E-03   0.0                           
0  4.300000E+01     G      0.0            0.0            2.168583E-03   1.907636E-02  -3.912124E-03   0.0                           
                           0.0            0.0           -1.655651E-04  -1.177514E-03   1.346390E-03   0.0                           
0  4.350000E+01     G      0.0            0.0            1.802146E-03   1.531700E-02  -4.048784E-03   0.0                           
                           0.0            0.0           -3.140028E-04  -2.718380E-03   1.291699E-03   0.0                           
0  4.400000E+01     G      0.0            0.0            1.529110E-03   1.257645E-02  -4.072841E-03   0.0                           
                           0.0            0.0           -3.671297E-04  -3.255297E-03   1.288678E-03   0.0                           
0  4.450000E+01     G      0.0            0.0            1.324153E-03   1.056597E-02  -4.032231E-03   0.0                           
                           0.0            0.0           -3.796040E-04  -3.371443E-03   1.296741E-03   0.0                           
0  4.500000E+01     G      0.0            0.0            1.166479E-03   9.055424E-03  -3.955801E-03   0.0                           
                           0.0            0.0           -3.744788E-04  -3.309673E-03   1.303415E-03   0.0                           
1     flat plate, SOL 146 gust response                                     /    95 SUN SOLARIS NASTRAN    / OCT  7, 26 / PAGE    41
      1 m/s vertical gust, 40 m/s, Mach 0.1                                                                                         
0                                                                                                            SUBCASE 1              
      POINT-ID =      45
                                       C O M P L E X   D I S P L A C E M E N T   V E C T O R
                                                          (REAL/IMAGINARY)
 
      FREQUENCY   TYPE          T1             T2             T3             R1             R2             R3
0  4.550000E+01     G      0.0            0.0            1.041944E-03   7.890471E-03  -3.860112E-03   0.0                           
                           0.0            0.0           -3.618627E-04  -3.174976E-03   1.305461E-03   0.0                           
0  4.600000E+01     G      0.0            0.0            9.412080E-04   6.970176E-03  -3.754747E-03   0.0                           
                           0.0            0.0           -3.463676E-04  -3.014414E-03   1.302643E-03   0.0                           
0  4.650000E+01     G      0.0            0.0            8.580215E-04   6.227649E-03  -3.645347E-03   0.0                           
                           0.0            0.0           -3.301537E-04  -2.849507E-03   1.295617E-03   0.0                           
0  4.700000E+01     G      0.0            0.0            7.881090E-04   5.617529E-03  -3.535277E-03   0.0                           
                           0.0            0.0           -3.142341E-04  -2.689996E-03   1.285211E-03   0.0                           
0  4.750000E+01     G      0.0            0.0            7.284721E-04   5.108286E-03  -3.426567E-03   0.0                           
                           0.0            0.0           -2.990685E-04  -2.540025E-03   1.272199E-03   0.0                           
0  4.800000E+01     G      0.0            0.0            6.769527E-04   4.677452E-03  -3.320426E-03   0.0                           
                           0.0            0.0           -2.848406E-04  -2.401020E-03   1.257233E-03   0.0                           
0  4.850000E+01     G      0.0            0.0            6.319627E-04   4.308661E-03  -3.217557E-03   0.0                           
                           0.0            0.0           -2.715973E-04  -2.273094E-03   1.240841E-03   0.0                           
0  4.900000E+01     G      0.0            0.0            5.923077E-04   3.989728E-03  -3.118346E-03   0.0                           
                           0.0            0.0           -2.593170E-04  -2.155740E-03   1.223445E-03   0.0                           
0  4.950000E+01     G      0.0            0.0            5.570730E-04   3.711430E-03  -3.022972E-03   0.0                           
                           0.0            0.0           -2.479470E-04  -2.048192E-03   1.205376E-03   0.0                           
0  5.000000E+01     G      0.0            0.0            5.255466E-04   3.466664E-03  -2.931487E-03   0.0                           
                           0.0            0.0           -2.374213E-04  -1.949607E-03   1.186890E-03   0.0                           
0  5.050000E+01     G      0.0            0.0            4.971639E-04   3.249871E-03  -2.843856E-03   0.0                           
                           0.0            0.0           -2.276711E-04  -1.859137E-03   1.168194E-03   0.0                           
0  5.100000E+01     G      0.0            0.0            4.714733E-04   3.056652E-03  -2.759994E-03   0.0                           
                           0.0            0.0           -2.186289E-04  -1.775993E-03   1.149444E-03   0.0                           
0  5.150000E+01     G      0.0            0.0            4.481071E-04   2.883473E-03  -2.679779E-03   0.0                           
                           0.0            0.0           -2.102318E-04  -1.699446E-03   1.130763E-03   0.0                           
0  5.200000E+01     G      0.0            0.0            4.267645E-04   2.727475E-03  -2.603077E-03   0.0                           
                           0.0            0.0           -2.024218E-04  -1.628843E-03   1.112246E-03   0.0                           
0  5.250000E+01     G      0.0            0.0            4.071944E-04   2.586306E-03  -2.529736E-03   0.0                           
                           0.0            0.0           -1.951462E-04  -1.563595E-03   1.093966E-03   0.0                           
1     flat plate, SOL 146 gust response                                     /    95 SUN SOLARIS NASTRAN    / OCT  7, 26 / PAGE    42
      1 m/s vertical gust, 40 m/s, Mach 0.1                                                                                         
0                                                                                                            SUBCASE 1              
      POINT-ID =      45
                                       C O M P L E X   D I S P L A C E M E N T   V E C T O R
                                                          (REAL/IMAGINARY)
 
      FREQUENCY   TYPE          T1             T2             T3             R1             R2             R3
0  5.300000E+01     G      0.0            0.0            3.891876E-04   2.458029E-03  -2.459605E-03   0.0                           
                           0.0            0.0           -1.883577E-04  -1.503182E-03   1.075981E-03   0.0                           
0  5.350000E+01     G      0.0            0.0            3.725672E-04   2.341025E-03  -2.392532E-03   0.0                           
                           0.0            0.0           -1.820137E-04  -1.447140E-03   1.058330E-03   0.0                           
0  5.400000E+01     G      0.0            0.0            3.571825E-04   2.233936E-03  -2.328368E-03   0.0                           
                           0.0            0.0           -1.760758E-04  -1.395058E-03   1.041048E-03   0.0                           
0  5.450000E+01     G      0.0            0.0            3.429048E-04   2.135613E-03  -2.266967E-03   0.0                           
                           0.0            0.0           -1.705102E-04  -1.346573E-03   1.024155E-03   0.0                           
0  5.500000E+01     G      0.0            0.0            3.296227E-04   2.045074E-03  -2.208193E-03   0.0                           
                           0.0            0.0           -1.652859E-04  -1.301361E-03   1.007669E-03   0.0                           
0  5.550000E+01     G      0.0            0.0            3.172396E-04   1.961480E-03  -2.151910E-03   0.0                           
                           0.0            0.0           -1.603755E-04  -1.259133E-03   9.915992E-04   0.0                           
0  5.600000E+01     G      0.0            0.0            3.056715E-04   1.884108E-03  -2.097995E-03   0.0                           
                           0.0            0.0           -1.557542E-04  -1.219633E-03   9.759525E-04   0.0                           
0  5.650000E+01     G      0.0            0.0            2.948446E-04   1.812332E-03  -2.046325E-03   0.0                           
                           0.0            0.0           -1.513999E-04  -1.182633E-03   9.607315E-04   0.0                           
0  5.700000E+01     G      0.0            0.0            2.846940E-04   1.745606E-03  -1.996790E-03   0.0                           
                           0.0            0.0           -1.472925E-04  -1.147928E-03   9.459360E-04   0.0                           
0  5.750000E+01     G      0.0            0.0            2.751622E-04   1.683453E-03  -1.949282E-03   0.0                           
                           0.0            0.0           -1.434138E-04  -1.115333E-03   9.315641E-04   0.0                           
0  5.800000E+01     G      0.0            0.0            2.661981E-04   1.625455E-03  -1.903701E-03   0.0                           
                           0.0            0.0           -1.397476E-04  -1.084684E-03   9.176124E-04   0.0                           
0  5.850000E+01     G      0.0            0.0            2.577564E-04   1.571241E-03  -1.859952E-03   0.0                           
                           0.0            0.0           -1.362788E-04  -1.055833E-03   9.040753E-04   0.0                           
0  5.900000E+01     G      0.0            0.0            2.497965E-04   1.520487E-03  -1.817946E-03   0.0                           
                           0.0            0.0           -1.329943E-04  -1.028646E-03   8.909475E-04   0.0                           
0  5.950000E+01     G      0.0            0.0            2.422817E-04   1.472902E-03  -1.777599E-03   0.0                           
                           0.0            0.0           -1.298815E-04  -1.003003E-03   8.782219E-04   0.0                           
0  6.000000E+01     G      0.0            0.0            2.351795E-04   1.428227E-03  -1.738834E-03   0.0                           
                           0.0            0.0           -1.269294E-04  -9.787929E-04   8.658918E-04   0.0                           
1     flat plate, SOL 146 gust response                                     /    95 SUN SOLARIS NASTRAN    / OCT  7, 26 / PAGE    43
      1 m/s vertical gust, 40 m/s, Mach 0.1                                                                                         
0                                                                                                            SUBCASE 1              
      POINT-ID =      45
                                       C O M P L E X   D I S P L A C E M E N T   V E C T O R
                                                          (REAL/IMAGINARY)
 
      FREQUENCY   TYPE          T1             T2             T3             R1             R2             R3
0  6.050000E+01     G      0.0            0.0            2.284603E-04   1.386233E-03  -1.701577E-03   0.0                           
                           0.0            0.0           -1.241279E-04  -9.559188E-04   8.539496E-04   0.0                           
0  6.100000E+01     G      0.0            0.0            2.220970E-04   1.346712E-03  -1.665757E-03   0.0                           
                           0.0            0.0           -1.214675E-04  -9.342894E-04   8.423876E-04   0.0                           
0  6.150000E+01     G      0.0            0.0            2.160657E-04   1.309479E-03  -1.631310E-03   0.0                           
                           0.0            0.0           -1.189398E-04  -9.138227E-04   8.311978E-04   0.0                           
0  6.200000E+01     G      0.0            0.0            2.103442E-04   1.274366E-03  -1.598174E-03   0.0                           
                           0.0            0.0           -1.165371E-04  -8.944448E-04   8.203731E-04   0.0                           
0  6.250000E+01     G      0.0            0.0            2.049123E-04   1.241224E-03  -1.566292E-03   0.0                           
                           0.0            0.0           -1.142521E-04  -8.760867E-04   8.099056E-04   0.0                           
0  6.300000E+01     G      0.0            0.0            1.997519E-04   1.209914E-03  -1.535610E-03   0.0                           
                           0.0            0.0           -1.120783E-04  -8.586867E-04   7.997880E-04   0.0                           
0  6.350000E+01     G      0.0            0.0            1.948462E-04   1.180315E-03  -1.506078E-03   0.0                           
                           0.0            0.0           -1.100097E-04  -8.421879E-04   7.900125E-04   0.0                           
0  6.400000E+01     G      0.0            0.0            1.901798E-04   1.152313E-03  -1.477646E-03   0.0                           
                           0.0            0.0           -1.080406E-04  -8.265378E-04   7.805727E-04   0.0                           
0  6.450000E+01     G      0.0            0.0            1.857385E-04   1.125805E-03  -1.450270E-03   0.0                           
                           0.0            0.0           -1.061662E-04  -8.116895E-04   7.714621E-04   0.0                           
0  6.500000E+01     G      0.0            0.0            1.815093E-04   1.100697E-03  -1.423905E-03   0.0                           
                           0.0            0.0           -1.043816E-04  -7.975994E-04   7.626744E-04   0.0                           
0  6.550000E+01     G      0.0            0.0            1.774799E-04   1.076901E-03  -1.398511E-03   0.0                           
                           0.0            0.0           -1.026827E-04  -7.842270E-04   7.542041E-04   0.0                           
0  6.600000E+01     G      0.0            0.0            1.736393E-04   1.054340E-03  -1.374050E-03   0.0                           
                           0.0            0.0           -1.010653E-04  -7.715365E-04   7.460449E-04   0.0                           
0  6.650000E+01     G      0.0            0.0            1.699772E-04   1.032941E-03  -1.350484E-03   0.0                           
                           0.0            0.0           -9.952605E-05  -7.594929E-04   7.381925E-04   0.0                           
0  6.700000E+01     G      0.0            0.0            1.664841E-04   1.012636E-03  -1.327779E-03   0.0                           
                           0.0            0.0           -9.806139E-05  -7.480662E-04   7.306413E-04   0.0                           
0  6.750000E+01     G      0.0            0.0            1.631513E-04   9.933655E-04  -1.305903E-03   0.0                           
                           0.0            0.0           -9.666821E-05  -7.372270E-04   7.233867E-04   0.0                           
1     flat plate, SOL 146 gust response                                     /    95 SUN SOLARIS NASTRAN    / OCT  7, 26 / PAGE    44
      1 m/s vertical gust, 40 m/s, Mach 0.1                                                                                         
0                                                                                                            SUBCASE 1              
      POINT-ID =      45
                                       C O M P L E X   D I S P L A C E M E N T   V E C T O R
                                                          (REAL/IMAGINARY)
 
      FREQUENCY   TYPE          T1             T2             T3             R1             R2             R3
0  6.800000E+01     G      0.0            0.0            1.599705E-04   9.750731E-04  -1.284826E-03   0.0                           
                           0.0            0.0           -9.534366E-05  -7.269490E-04   7.164244E-04   0.0                           
0  6.850000E+01     G      0.0            0.0            1.569343E-04   9.577074E-04  -1.264520E-03   0.0                           
                           0.0            0.0           -9.408507E-05  -7.172078E-04   7.097506E-04   0.0                           
0  6.900000E+01     G      0.0            0.0            1.540357E-04   9.412197E-04  -1.244957E-03   0.0                           
                           0.0            0.0           -9.288997E-05  -7.079809E-04   7.033612E-04   0.0                           
0  6.950000E+01     G      0.0            0.0            1.512682E-04   9.255674E-04  -1.226112E-03   0.0                           
                           0.0            0.0           -9.175608E-05  -6.992473E-04   6.972536E-04   0.0                           
0  7.000000E+01     G      0.0            0.0            1.486259E-04   9.107100E-04  -1.207962E-03   0.0                           
                           0.0            0.0           -9.068137E-05  -6.909885E-04   6.914244E-04   0.0                           
0  7.050000E+01     G      0.0            0.0            1.461031E-04   8.966100E-04  -1.190484E-03   0.0                           
                           0.0            0.0           -8.966389E-05  -6.831865E-04   6.858713E-04   0.0                           
0  7.100000E+01     G      0.0            0.0            1.436949E-04   8.832334E-04  -1.173658E-03   0.0                           
                           0.0            0.0           -8.870191E-05  -6.758254E-04   6.805923E-04   0.0                           
0  7.150000E+01     G      0.0            0.0            1.413962E-04   8.705482E-04  -1.157464E-03   0.0                           
                           0.0            0.0           -8.779384E-05  -6.688904E-04   6.755855E-04   0.0                           
0  7.200000E+01     G      0.0            0.0            1.392028E-04   8.585261E-04  -1.141884E-03   0.0                           
                           0.0            0.0           -8.693829E-05  -6.623685E-04   6.708499E-04   0.0                           
0  7.250000E+01     G      0.0            0.0            1.371104E-04   8.471394E-04  -1.126900E-03   0.0                           
                           0.0            0.0           -8.613386E-05  -6.562470E-04   6.663845E-04   0.0                           
0  7.300000E+01     G      0.0            0.0            1.351154E-04   8.363642E-04  -1.112500E-03   0.0                           
                           0.0            0.0           -8.537945E-05  -6.505149E-04   6.621893E-04   0.0                           
0  7.350000E+01     G      0.0            0.0            1.332141E-04   8.261775E-04  -1.098665E-03   0.0                           
                           0.0            0.0           -8.467406E-05  -6.451625E-04   6.582644E-04   0.0                           
0  7.400000E+01     G      0.0            0.0            1.314034E-04   8.165592E-04  -1.085384E-03   0.0                           
                           0.0            0.0           -8.401670E-05  -6.401808E-04   6.546102E-04   0.0                           
0  7.450000E+01     G      0.0            0.0            1.296803E-04   8.074897E-04  -1.072644E-03   0.0                           
                           0.0            0.0           -8.340667E-05  -6.355618E-04   6.512285E-04   0.0                           
0  7.500000E+01     G      0.0            0.0            1.280420E-04   7.989524E-04  -1.060434E-03   0.0                           
                           0.0            0.0           -8.284336E-05  -6.312991E-04   6.481211E-04   0.0                           
1     flat plate, SOL 146 gust response                                     /    95 SUN SOLARIS NASTRAN    / OCT  7, 26 / PAGE    45
      1 m/s vertical gust, 40 m/s, Mach 0.1                                                                                         
0                                                                                                            SUBCASE 1              
      POINT-ID =      45
                                       C O M P L E X   D I S P L A C E M E N T   V E C T O R
                                                          (REAL/IMAGINARY)
 
      FREQUENCY   TYPE          T1             T2             T3             R1             R2             R3
0  7.550000E+01     G      0.0            0.0            1.264859E-04   7.909315E-04  -1.048744E-03   0.0                           
                           0.0            0.0           -8.232618E-05  -6.273866E-04   6.452901E-04   0.0                           
0  7.600000E+01     G      0.0            0.0            1.250100E-04   7.834124E-04  -1.037565E-03   0.0                           
                           0.0            0.0           -8.185475E-05  -6.238190E-04   6.427391E-04   0.0                           
0  7.650000E+01     G      0.0            0.0            1.236119E-04   7.763835E-04  -1.026887E-03   0.0                           
                           0.0            0.0           -8.142877E-05  -6.205926E-04   6.404714E-04   0.0                           
0  7.700000E+01     G      0.0            0.0            1.222900E-04   7.698327E-04  -1.016706E-03   0.0                           
                           0.0            0.0           -8.104820E-05  -6.177046E-04   6.384921E-04   0.0                           
0  7.750000E+01     G      0.0            0.0            1.210425E-04   7.637506E-04  -1.007014E-03   0.0                           
                           0.0            0.0           -8.071294E-05  -6.151529E-04   6.368061E-04   0.0                           
0  7.800000E+01     G      0.0            0.0            1.198679E-04   7.581288E-04  -9.978062E-04   0.0                           
                           0.0            0.0           -8.042314E-05  -6.129359E-04   6.354201E-04   0.0                           
0  7.850000E+01     G      0.0            0.0            1.187649E-04   7.529599E-04  -9.890788E-04   0.0                           
                           0.0            0.0           -8.017908E-05  -6.110540E-04   6.343413E-04   0.0                           
0  7.900000E+01     G      0.0            0.0            1.177326E-04   7.482380E-04  -9.808289E-04   0.0                           
                           0.0            0.0           -7.998114E-05  -6.095077E-04   6.335771E-04   0.0                           
0  7.950000E+01     G      0.0            0.0            1.167699E-04   7.439587E-04  -9.730547E-04   0.0                           
                           0.0            0.0           -7.982992E-05  -6.082993E-04   6.331378E-04   0.0                           
0  8.000000E+01     G      0.0            0.0            1.158762E-04   7.401181E-04  -9.657553E-04   0.0                           
                           0.0            0.0           -7.972610E-05  -6.074312E-04   6.330331E-04   0.0                           
1     flat plate, SOL 146 gust response                                     /    95 SUN SOLARIS NASTRAN    / OCT  7, 26 / PAGE    46
                                                                                                                                    
0                                                                                                                                   
 
 
 
                                            X Y - O U T P U T   S U M M A R Y
 
 
     ROOT MEAN SQUARE VALUE =   2.084420E-02
      FREQUENCY OF ZERO CROSSINGS (N ZERO) =   5.318872E+00
      POWER-SPECTRAL-DENSITY-FUNCTION (PSDF)
      DISPLACEMENT    CURVE       41( 3)
 
      XY-PAIRS BETWEEN XMIN AND XMAX WILL BE PRINTED
      THIS CURVE WILL BE PAPER-PLOTTED FRAME    0
 
 
     CURVE  TITLE =                                                                                                                
      X-AXIS TITLE =                                                                                                                
      Y-AXIS TITLE =                                                                                                                
 
 
 
 
 
     THE FOLLOWING INFORMATION IS FOR THE ABOVE DEFINED CURVE ONLY.
 
 
 
      WITHIN THE FRAME X-LIMITS       (X =  5.000000E-01 TO  X =  8.000000E+01)
 
 
                              THE SMALLEST Y-VALUE =  4.548037E-13 AT X =   4.700000E+01
 
 
                              THE LARGEST  Y-VALUE =  8.859561E-05 AT X =   6.000000E+00
 
 
 
 
     WITHIN THE X-LIMITS OF ALL DATA (X =  5.000000E-01 TO  X =  8.000000E+01)
 
 
                              THE SMALLEST Y-VALUE =  4.548037E-13 AT X =   4.700000E+01
 
 
                              THE LARGEST  Y-VALUE =  8.859561E-05 AT X =   6.000000E+00
 
 
 
 
                                             E N D   O F   S U M M A R Y
 
 
                         P R I N T E D   D A T A   F O R   T H I S   C U R V E   F O L L O W S
1     flat plate, SOL 146 gust response                                     /    95 SUN SOLARIS NASTRAN    / OCT  7, 26 / PAGE    47
                                                                                                                                    
0                                                                                                                                   
 
 
     DISPLACEMENT    CURVE   ID =       41     COMPONENT =  3     WHOLE FRAME
 
 
                           PRINT NUMBER          X-VALUE              Y-VALUE              CARD NUMBER
                                  1             5.000000E-01         4.341498E-05
                                  2             1.000000E+00         4.736347E-05
                                  3             1.500000E+00         4.908404E-05
                                  4             2.000000E+00         4.852849E-05
                                  5             2.500000E+00         4.721461E-05
                                  6             3.000000E+00         4.638999E-05
                                  7             3.500000E+00         4.684706E-05
                                  8             4.000000E+00         4.922213E-05
                                  9             4.500000E+00         5.428037E-05
                                 10             5.000000E+00         6.302003E-05
                                 11             5.500000E+00         7.590040E-05
                                 12             6.000000E+00         8.859561E-05
                                 13             6.500000E+00         8.559049E-05
                                 14             7.000000E+00         6.053285E-05
                                 15             7.500000E+00         3.472819E-05
                                 16             8.000000E+00         1.903012E-05
                                 17             8.500000E+00         1.074148E-05
                                 18             9.000000E+00         6.356404E-06
                                 19             9.500000E+00         3.936893E-06
                                 20             1.000000E+01         2.536394E-06
                                 21             1.050000E+01         1.689151E-06
                                 22             1.100000E+01         1.156539E-06
                                 23             1.150000E+01         8.105238E-07
                                 24             1.200000E+01         5.793167E-07
                                 25             1.250000E+01         4.210412E-07
                                 26             1.300000E+01         3.103995E-07
                                 27             1.350000E+01         2.316304E-07
                                 28             1.400000E+01         1.746446E-07
                                 29             1.450000E+01         1.328300E-07
                                 30             1.500000E+01         1.017607E-07
                                 31             1.550000E+01         7.841675E-08
                                 32             1.600000E+01         6.070252E-08
                                 33             1.650000E+01         4.714140E-08
                                 34             1.700000E+01         3.667837E-08
                                 35             1.750000E+01         2.855019E-08
                                 36             1.800000E+01         2.219847E-08
                                 37             1.850000E+01         1.721047E-08
                                 38             1.900000E+01         1.327844E-08
                                 39             1.950000E+01         1.017112E-08
                                 40             2.000000E+01         7.713727E-09
                                 41             2.050000E+01         5.773628E-09
                                 42             2.100000E+01         4.250212E-09
                                 43             2.150000E+01         3.067622E-09
                                 44             2.200000E+01         2.169705E-09
                                 45             2.250000E+01         1.516611E-09
                                 46             2.300000E+01         1.082936E-09
                                 47             2.350000E+01         8.572676E-10
                                 48             2.400000E+01         8.434388E-10
                                 49             2.450000E+01         1.064179E-09
                                 50             2.500000E+01         1.568571E-09
                                 51             2.550000E+01         2.446249E-09
1     flat plate, SOL 146 gust response                                     /    95 SUN SOLARIS NASTRAN    / OCT  7, 26 / PAGE    48
                                                                                                                                    
0                                                                                                                                   
 
 
     DISPLACEMENT    CURVE   ID =       41     COMPONENT =  3     WHOLE FRAME
 
 
                           PRINT NUMBER          X-VALUE              Y-VALUE              CARD NUMBER
                                 52             2.600000E+01         3.854467E-09
                                 53             2.650000E+01         6.071261E-09
                                 54             2.700000E+01         9.605076E-09
                                 55             2.750000E+01         1.543449E-08
                                 56             2.800000E+01         2.556364E-08
                                 57             2.850000E+01         4.435081E-08
                                 58             2.900000E+01         8.129447E-08
                                 59             2.950000E+01         1.508425E-07
                                 60             3.000000E+01         2.275681E-07
                                 61             3.050000E+01         2.071787E-07
                                 62             3.100000E+01         1.354011E-07
                                 63             3.150000E+01         8.569450E-08
                                 64             3.200000E+01         5.759545E-08
                                 65             3.250000E+01         4.132724E-08
                                 66             3.300000E+01         3.131973E-08
                                 67             3.350000E+01         2.480299E-08
                                 68             3.400000E+01         2.036047E-08
                                 69             3.450000E+01         1.722635E-08
                                 70             3.500000E+01         1.496402E-08
                                 71             3.550000E+01         1.331386E-08
                                 72             3.600000E+01         1.211753E-08
                                 73             3.650000E+01         1.127915E-08
                                 74             3.700000E+01         1.074525E-08
                                 75             3.750000E+01         1.049597E-08
                                 76             3.800000E+01         1.054411E-08
                                 77             3.850000E+01         1.094245E-08
                                 78             3.900000E+01         1.180133E-08
                                 79             3.950000E+01         1.331601E-08
                                 80             4.000000E+01         1.576535E-08
                                 81             4.050000E+01         1.920281E-08
                                 82             4.100000E+01         2.177983E-08
                                 83             4.150000E+01         1.834312E-08
                                 84             4.200000E+01         1.038490E-08
                                 85             4.250000E+01         4.834656E-09
                                 86             4.300000E+01         2.189920E-09
                                 87             4.350000E+01         1.008728E-09
                                 88             4.400000E+01         4.690616E-10
                                 89             4.450000E+01         2.148402E-10
                                 90             4.500000E+01         9.334637E-11
                                 91             4.550000E+01         3.610585E-11
                                 92             4.600000E+01         1.083984E-11
                                 93             4.650000E+01         1.653502E-12
                                 94             4.700000E+01         4.548037E-13
                                 95             4.750000E+01         3.031969E-12
                                 96             4.800000E+01         7.171556E-12
                                 97             4.850000E+01         1.171735E-11
                                 98             4.900000E+01         1.608345E-11
                                 99             4.950000E+01         1.999378E-11
                                100             5.000000E+01         2.334101E-11
                                101             5.050000E+01         2.610799E-11
                                102             5.100000E+01         2.832366E-11
1     flat plate, SOL 146 gust response                                     /    95 SUN SOLARIS NASTRAN    / OCT  7, 26 / PAGE    49
                                                                                                                                    
0                                                                                                                                   
 
 
     DISPLACEMENT    CURVE   ID =       41     COMPONENT =  3     WHOLE FRAME
 
 
                           PRINT NUMBER          X-VALUE              Y-VALUE              CARD NUMBER
                                103             5.150000E+01         3.003892E-11
                                104             5.200000E+01         3.131254E-11
                                105             5.250000E+01         3.220407E-11
                                106             5.300000E+01         3.276969E-11
                                107             5.350000E+01         3.306058E-11
                                108             5.400000E+01         3.312225E-11
                                109             5.450000E+01         3.299445E-11
                                110             5.500000E+01         3.271175E-11
                                111             5.550000E+01         3.230354E-11
                                112             5.600000E+01         3.179509E-11
                                113             5.650000E+01         3.120767E-11
                                114             5.700000E+01         3.055936E-11
                                115             5.750000E+01         2.986529E-11
                                116             5.800000E+01         2.913811E-11
                                117             5.850000E+01         2.838848E-11
                                118             5.900000E+01         2.762512E-11
                                119             5.950000E+01         2.685535E-11
                                120             6.000000E+01         2.608515E-11
                                121             6.050000E+01         2.531943E-11
                                122             6.100000E+01         2.456217E-11
                                123             6.150000E+01         2.381654E-11
                                124             6.200000E+01         2.308515E-11
                                125             6.250000E+01         2.236995E-11
                                126             6.300000E+01         2.167248E-11
                                127             6.350000E+01         2.099392E-11
                                128             6.400000E+01         2.033508E-11
                                129             6.450000E+01         1.969653E-11
                                130             6.500000E+01         1.907858E-11
                                131             6.550000E+01         1.848137E-11
                                132             6.600000E+01         1.790488E-11
                                133             6.650000E+01         1.734901E-11
                                134             6.700000E+01         1.681351E-11
                                135             6.750000E+01         1.629805E-11
                                136             6.800000E+01         1.580231E-11
                                137             6.850000E+01         1.532584E-11
                                138             6.900000E+01         1.486820E-11
                                139             6.950000E+01         1.442893E-11
                                140             7.000000E+01         1.400752E-11
                                141             7.050000E+01         1.360348E-11
                                142             7.100000E+01         1.321631E-11
                                143             7.150000E+01         1.284549E-11
                                144             7.200000E+01         1.249053E-11
                                145             7.250000E+01         1.215093E-11
                                146             7.300000E+01         1.182624E-11
                                147             7.350000E+01         1.151596E-11
                                148             7.400000E+01         1.121966E-11
                                149             7.450000E+01         1.093691E-11
                                150             7.500000E+01         1.066727E-11
                                151             7.550000E+01         1.041037E-11
                                152             7.600000E+01         1.016583E-11
                                153             7.650000E+01         9.933296E-12
1     flat plate, SOL 146 gust response                                     /    95 SUN SOLARIS NASTRAN    / OCT  7, 26 / PAGE    50
                                                                                                                                    
0                                                                                                                                   
 
 
     DISPLACEMENT    CURVE   ID =       41     COMPONENT =  3     WHOLE FRAME
 
 
                           PRINT NUMBER          X-VALUE              Y-VALUE              CARD NUMBER
                                154             7.700000E+01         9.712440E-12
                                155             7.750000E+01         9.502957E-12
                                156             7.800000E+01         9.304554E-12
                                157             7.850000E+01         9.116992E-12
                                158             7.900000E+01         8.940010E-12
                                159             7.950000E+01         8.773421E-12
                                160             8.000000E+01         8.617053E-12
1     flat plate, SOL 146 gust response                                     /    95 SUN SOLARIS NASTRAN    / OCT  7, 26 / PAGE    51
                                                                                                                                    
0                                                                                                                                   
 
 
 
                                            X Y - O U T P U T   S U M M A R Y
 
 
     ROOT MEAN SQUARE VALUE =   2.051997E-02
      FREQUENCY OF ZERO CROSSINGS (N ZERO) =   5.364953E+00
      POWER-SPECTRAL-DENSITY-FUNCTION (PSDF)
      DISPLACEMENT    CURVE       43( 3)
 
      XY-PAIRS BETWEEN XMIN AND XMAX WILL BE PRINTED
      THIS CURVE WILL BE PAPER-PLOTTED FRAME    0
 
 
     CURVE  TITLE =                                                                                                                
      X-AXIS TITLE =                                                                                                                
      Y-AXIS TITLE =                                                                                                                
 
 
 
 
 
     THE FOLLOWING INFORMATION IS FOR THE ABOVE DEFINED CURVE ONLY.
 
 
 
      WITHIN THE FRAME X-LIMITS       (X =  5.000000E-01 TO  X =  8.000000E+01)
 
 
                              THE SMALLEST Y-VALUE =  2.251625E-13 AT X =   8.000000E+01
 
 
                              THE LARGEST  Y-VALUE =  8.758814E-05 AT X =   6.000000E+00
 
 
 
 
     WITHIN THE X-LIMITS OF ALL DATA (X =  5.000000E-01 TO  X =  8.000000E+01)
 
 
                              THE SMALLEST Y-VALUE =  2.251625E-13 AT X =   8.000000E+01
 
 
                              THE LARGEST  Y-VALUE =  8.758814E-05 AT X =   6.000000E+00
 
 
 
 
                                             E N D   O F   S U M M A R Y
 
 
                         P R I N T E D   D A T A   F O R   T H I S   C U R V E   F O L L O W S
1     flat plate, SOL 146 gust response                                     /    95 SUN SOLARIS NASTRAN    / OCT  7, 26 / PAGE    52
                                                                                                                                    
0                                                                                                                                   
 
 
     DISPLACEMENT    CURVE   ID =       43     COMPONENT =  3     WHOLE FRAME
 
 
                           PRINT NUMBER          X-VALUE              Y-VALUE              CARD NUMBER
                                  1             5.000000E-01         3.953133E-05
                                  2             1.000000E+00         4.319836E-05
                                  3             1.500000E+00         4.489210E-05
                                  4             2.000000E+00         4.455742E-05
                                  5             2.500000E+00         4.356987E-05
                                  6             3.000000E+00         4.307456E-05
                                  7             3.500000E+00         4.382019E-05
                                  8             4.000000E+00         4.643730E-05
                                  9             4.500000E+00         5.171246E-05
                                 10             5.000000E+00         6.070475E-05
                                 11             5.500000E+00         7.401881E-05
                                 12             6.000000E+00         8.758814E-05
                                 13             6.500000E+00         8.590057E-05
                                 14             7.000000E+00         6.176264E-05
                                 15             7.500000E+00         3.607737E-05
                                 16             8.000000E+00         2.016032E-05
                                 17             8.500000E+00         1.162363E-05
                                 18             9.000000E+00         7.038323E-06
                                 19             9.500000E+00         4.468823E-06
                                 20             1.000000E+01         2.957257E-06
                                 21             1.050000E+01         2.027124E-06
                                 22             1.100000E+01         1.431796E-06
                                 23             1.150000E+01         1.037613E-06
                                 24             1.200000E+01         7.688752E-07
                                 25             1.250000E+01         5.809607E-07
                                 26             1.300000E+01         4.466249E-07
                                 27             1.350000E+01         3.487023E-07
                                 28             1.400000E+01         2.760756E-07
                                 29             1.450000E+01         2.213701E-07
                                 30             1.500000E+01         1.795874E-07
                                 31             1.550000E+01         1.472714E-07
                                 32             1.600000E+01         1.219912E-07
                                 33             1.650000E+01         1.020091E-07
                                 34             1.700000E+01         8.606477E-08
                                 35             1.750000E+01         7.323249E-08
                                 36             1.800000E+01         6.282369E-08
                                 37             1.850000E+01         5.432065E-08
                                 38             1.900000E+01         4.733031E-08
                                 39             1.950000E+01         4.155138E-08
                                 40             2.000000E+01         3.675125E-08
                                 41             2.050000E+01         3.274898E-08
                                 42             2.100000E+01         2.940310E-08
                                 43             2.150000E+01         2.660266E-08
                                 44             2.200000E+01         2.426067E-08
                                 45             2.250000E+01         2.230921E-08
                                 46             2.300000E+01         2.069610E-08
                                 47             2.350000E+01         1.938250E-08
                                 48             2.400000E+01         1.834172E-08
                                 49             2.450000E+01         1.755899E-08
                                 50             2.500000E+01         1.703252E-08
                                 51             2.550000E+01         1.677660E-08
1     flat plate, SOL 146 gust response                                     /    95 SUN SOLARIS NASTRAN    / OCT  7, 26 / PAGE    53
                                                                                                                                    
0                                                                                                                                   
 
 
     DISPLACEMENT    CURVE   ID =       43     COMPONENT =  3     WHOLE FRAME
 
 
                           PRINT NUMBER          X-VALUE              Y-VALUE              CARD NUMBER
                                 52             2.600000E+01         1.682779E-08
                                 53             2.650000E+01         1.725687E-08
                                 54             2.700000E+01         1.819198E-08
                                 55             2.750000E+01         1.986410E-08
                                 56             2.800000E+01         2.269714E-08
                                 57             2.850000E+01         2.746989E-08
                                 58             2.900000E+01         3.541371E-08
                                 59             2.950000E+01         4.653144E-08
                                 60             3.000000E+01         5.010881E-08
                                 61             3.050000E+01         3.299728E-08
                                 62             3.100000E+01         1.598831E-08
                                 63             3.150000E+01         7.838643E-09
                                 64             3.200000E+01         4.371857E-09
                                 65             3.250000E+01         2.849060E-09
                                 66             3.300000E+01         2.157246E-09
                                 67             3.350000E+01         1.849525E-09
                                 68             3.400000E+01         1.735747E-09
                                 69             3.450000E+01         1.730725E-09
                                 70             3.500000E+01         1.795956E-09
                                 71             3.550000E+01         1.915936E-09
                                 72             3.600000E+01         2.088382E-09
                                 73             3.650000E+01         2.320754E-09
                                 74             3.700000E+01         2.630423E-09
                                 75             3.750000E+01         3.048074E-09
                                 76             3.800000E+01         3.625641E-09
                                 77             3.850000E+01         4.452381E-09
                                 78             3.900000E+01         5.686744E-09
                                 79             3.950000E+01         7.617240E-09
                                 80             4.000000E+01         1.074983E-08
                                 81             4.050000E+01         1.570218E-08
                                 82             4.100000E+01         2.153445E-08
                                 83             4.150000E+01         2.217022E-08
                                 84             4.200000E+01         1.556169E-08
                                 85             4.250000E+01         9.147726E-09
                                 86             4.300000E+01         5.357784E-09
                                 87             4.350000E+01         3.292800E-09
                                 88             4.400000E+01         2.131648E-09
                                 89             4.450000E+01         1.443121E-09
                                 90             4.500000E+01         1.013495E-09
                                 91             4.550000E+01         7.333655E-10
                                 92             4.600000E+01         5.438595E-10
                                 93             4.650000E+01         4.116477E-10
                                 94             4.700000E+01         3.169849E-10
                                 95             4.750000E+01         2.477018E-10
                                 96             4.800000E+01         1.960309E-10
                                 97             4.850000E+01         1.568640E-10
                                 98             4.900000E+01         1.267508E-10
                                 99             4.950000E+01         1.033085E-10
                                100             5.000000E+01         8.485720E-11
                                101             5.050000E+01         7.019045E-11
                                102             5.100000E+01         5.842882E-11
1     flat plate, SOL 146 gust response                                     /    95 SUN SOLARIS NASTRAN    / OCT  7, 26 / PAGE    54
                                                                                                                                    
0                                                                                                                                   
 
 
     DISPLACEMENT    CURVE   ID =       43     COMPONENT =  3     WHOLE FRAME
 
 
                           PRINT NUMBER          X-VALUE              Y-VALUE              CARD NUMBER
                                103             5.150000E+01         4.892123E-11
                                104             5.200000E+01         4.118017E-11
                                105             5.250000E+01         3.483542E-11
                                106             5.300000E+01         2.960361E-11
                                107             5.350000E+01         2.526543E-11
                                108             5.400000E+01         2.164962E-11
                                109             5.450000E+01         1.862147E-11
                                110             5.500000E+01         1.607411E-11
                                111             5.550000E+01         1.392229E-11
                                112             5.600000E+01         1.209745E-11
                                113             5.650000E+01         1.054423E-11
                                114             5.700000E+01         9.217632E-12
                                115             5.750000E+01         8.080818E-12
                                116             5.800000E+01         7.103655E-12
                                117             5.850000E+01         6.261216E-12
                                118             5.900000E+01         5.532899E-12
                                119             5.950000E+01         4.901538E-12
                                120             6.000000E+01         4.352832E-12
                                121             6.050000E+01         3.874787E-12
                                122             6.100000E+01         3.457312E-12
                                123             6.150000E+01         3.091911E-12
                                124             6.200000E+01         2.771390E-12
                                125             6.250000E+01         2.489642E-12
                                126             6.300000E+01         2.241474E-12
                                127             6.350000E+01         2.022455E-12
                                128             6.400000E+01         1.828793E-12
                                129             6.450000E+01         1.657238E-12
                                130             6.500000E+01         1.504988E-12
                                131             6.550000E+01         1.369637E-12
                                132             6.600000E+01         1.249106E-12
                                133             6.650000E+01         1.141595E-12
                                134             6.700000E+01         1.045542E-12
                                135             6.750000E+01         9.595968E-13
                                136             6.800000E+01         8.825771E-13
                                137             6.850000E+01         8.134576E-13
                                138             6.900000E+01         7.513367E-13
                                139             6.950000E+01         6.954310E-13
                                140             7.000000E+01         6.450538E-13
                                141             7.050000E+01         5.995996E-13
                                142             7.100000E+01         5.585379E-13
                                143             7.150000E+01         5.213995E-13
                                144             7.200000E+01         4.877759E-13
                                145             7.250000E+01         4.572990E-13
                                146             7.300000E+01         4.296502E-13
                                147             7.350000E+01         4.045435E-13
                                148             7.400000E+01         3.817277E-13
                                149             7.450000E+01         3.609768E-13
                                150             7.500000E+01         3.420954E-13
                                151             7.550000E+01         3.249039E-13
                                152             7.600000E+01         3.092449E-13
                                153             7.650000E+01         2.949796E-13
1     flat plate, SOL 146 gust response                                     /    95 SUN SOLARIS NASTRAN    / OCT  7, 26 / PAGE    55
                                                                                                                                    
0                                                                                                                                   
 
 
     DISPLACEMENT    CURVE   ID =       43     COMPONENT =  3     WHOLE FRAME
 
 
                           PRINT NUMBER          X-VALUE              Y-VALUE              CARD NUMBER
                                154             7.700000E+01         2.819825E-13
                                155             7.750000E+01         2.701424E-13
                                156             7.800000E+01         2.593596E-13
                                157             7.850000E+01         2.495450E-13
                                158             7.900000E+01         2.406203E-13
                                159             7.950000E+01         2.325141E-13
                                160             8.000000E+01         2.251625E-13
1     flat plate, SOL 146 gust response                                     /    95 SUN SOLARIS NASTRAN    / OCT  7, 26 / PAGE    56
                                                                                                                                    
0                                                                                                                                   
 
 
 
                                            X Y - O U T P U T   S U M M A R Y
 
 
     ROOT MEAN SQUARE VALUE =   2.019539E-02
      FREQUENCY OF ZERO CROSSINGS (N ZERO) =   5.828571E+00
      POWER-SPECTRAL-DENSITY-FUNCTION (PSDF)
      DISPLACEMENT    CURVE       45( 3)
 
      XY-PAIRS BETWEEN XMIN AND XMAX WILL BE PRINTED
      THIS CURVE WILL BE PAPER-PLOTTED FRAME    0
 
 
     CURVE  TITLE =                                                                                                                
      X-AXIS TITLE =                                                                                                                
      Y-AXIS TITLE =                                                                                                                
 
 
 
 
 
     THE FOLLOWING INFORMATION IS FOR THE ABOVE DEFINED CURVE ONLY.
 
 
 
      WITHIN THE FRAME X-LIMITS       (X =  5.000000E-01 TO  X =  8.000000E+01)
 
 
                              THE SMALLEST Y-VALUE =  1.295013E-11 AT X =   8.000000E+01
 
 
                              THE LARGEST  Y-VALUE =  8.592797E-05 AT X =   6.000000E+00
 
 
 
 
     WITHIN THE X-LIMITS OF ALL DATA (X =  5.000000E-01 TO  X =  8.000000E+01)
 
 
                              THE SMALLEST Y-VALUE =  1.295013E-11 AT X =   8.000000E+01
 
 
                              THE LARGEST  Y-VALUE =  8.592797E-05 AT X =   6.000000E+00
 
 
 
 
                                             E N D   O F   S U M M A R Y
 
 
                         P R I N T E D   D A T A   F O R   T H I S   C U R V E   F O L L O W S
1     flat plate, SOL 146 gust response                                     /    95 SUN SOLARIS NASTRAN    / OCT  7, 26 / PAGE    57
                                                                                                                                    
0                                                                                                                                   
 
 
     DISPLACEMENT    CURVE   ID =       45     COMPONENT =  3     WHOLE FRAME
 
 
                           PRINT NUMBER          X-VALUE              Y-VALUE              CARD NUMBER
                                  1             5.000000E-01         3.562206E-05
                                  2             1.000000E+00         3.899616E-05
                                  3             1.500000E+00         4.064611E-05
                                  4             2.000000E+00         4.051174E-05
                                  5             2.500000E+00         3.982685E-05
                                  6             3.000000E+00         3.963283E-05
                                  7             3.500000E+00         4.063203E-05
                                  8             4.000000E+00         4.344457E-05
                                  9             4.500000E+00         4.887103E-05
                                 10             5.000000E+00         5.802018E-05
                                 11             5.500000E+00         7.163246E-05
                                 12             6.000000E+00         8.592797E-05
                                 13             6.500000E+00         8.552953E-05
                                 14             7.000000E+00         6.248631E-05
                                 15             7.500000E+00         3.713134E-05
                                 16             8.000000E+00         2.113277E-05
                                 17             8.500000E+00         1.242398E-05
                                 18             9.000000E+00         7.679884E-06
                                 19             9.500000E+00         4.983695E-06
                                 20             1.000000E+01         3.374641E-06
                                 21             1.050000E+01         2.369776E-06
                                 22             1.100000E+01         1.716747E-06
                                 23             1.150000E+01         1.277532E-06
                                 24             1.200000E+01         9.732353E-07
                                 25             1.250000E+01         7.569262E-07
                                 26             1.300000E+01         5.996787E-07
                                 27             1.350000E+01         4.830905E-07
                                 28             1.400000E+01         3.951262E-07
                                 29             1.450000E+01         3.277221E-07
                                 30             1.500000E+01         2.753569E-07
                                 31             1.550000E+01         2.341734E-07
                                 32             1.600000E+01         2.014307E-07
                                 33             1.650000E+01         1.751490E-07
                                 34             1.700000E+01         1.538788E-07
                                 35             1.750000E+01         1.365444E-07
                                 36             1.800000E+01         1.223394E-07
                                 37             1.850000E+01         1.106531E-07
                                 38             1.900000E+01         1.010200E-07
                                 39             1.950000E+01         9.308332E-08
                                 40             2.000000E+01         8.656981E-08
                                 41             2.050000E+01         8.127093E-08
                                 42             2.100000E+01         7.703034E-08
                                 43             2.150000E+01         7.373494E-08
                                 44             2.200000E+01         7.130963E-08
                                 45             2.250000E+01         6.971443E-08
                                 46             2.300000E+01         6.894557E-08
                                 47             2.350000E+01         6.903934E-08
                                 48             2.400000E+01         7.008156E-08
                                 49             2.450000E+01         7.222410E-08
                                 50             2.500000E+01         7.571376E-08
                                 51             2.550000E+01         8.094309E-08
1     flat plate, SOL 146 gust response                                     /    95 SUN SOLARIS NASTRAN    / OCT  7, 26 / PAGE    58
                                                                                                                                    
0                                                                                                                                   
 
 
     DISPLACEMENT    CURVE   ID =       45     COMPONENT =  3     WHOLE FRAME
 
 
                           PRINT NUMBER          X-VALUE              Y-VALUE              CARD NUMBER
                                 52             2.600000E+01         8.854011E-08
                                 53             2.650000E+01         9.953519E-08
                                 54             2.700000E+01         1.156845E-07
                                 55             2.750000E+01         1.401296E-07
                                 56             2.800000E+01         1.787890E-07
                                 57             2.850000E+01         2.432313E-07
                                 58             2.900000E+01         3.546481E-07
                                 59             2.950000E+01         5.294108E-07
                                 60             3.000000E+01         6.481624E-07
                                 61             3.050000E+01         4.819160E-07
                                 62             3.100000E+01         2.582943E-07
                                 63             3.150000E+01         1.343494E-07
                                 64             3.200000E+01         7.421823E-08
                                 65             3.250000E+01         4.368854E-08
                                 66             3.300000E+01         2.705281E-08
                                 67             3.350000E+01         1.739630E-08
                                 68             3.400000E+01         1.149759E-08
                                 69             3.450000E+01         7.748758E-09
                                 70             3.500000E+01         5.295823E-09
                                 71             3.550000E+01         3.661488E-09
                                 72             3.600000E+01         2.568640E-09
                                 73             3.650000E+01         1.853674E-09
                                 74             3.700000E+01         1.422624E-09
                                 75             3.750000E+01         1.230262E-09
                                 76             3.800000E+01         1.274133E-09
                                 77             3.850000E+01         1.603449E-09
                                 78             3.900000E+01         2.350863E-09
                                 79             3.950000E+01         3.808955E-09
                                 80             4.000000E+01         6.583483E-09
                                 81             4.050000E+01         1.170235E-08
                                 82             4.100000E+01         1.927211E-08
                                 83             4.150000E+01         2.347755E-08
                                 84             4.200000E+01         1.922905E-08
                                 85             4.250000E+01         1.302584E-08
                                 86             4.300000E+01         8.696332E-09
                                 87             4.350000E+01         6.035157E-09
                                 88             4.400000E+01         4.376148E-09
                                 89             4.450000E+01         3.295333E-09
                                 90             4.500000E+01         2.558669E-09
                                 91             4.550000E+01         2.036255E-09
                                 92             4.600000E+01         1.653218E-09
                                 93             4.650000E+01         1.364453E-09
                                 94             4.700000E+01         1.141632E-09
                                 95             4.750000E+01         9.663000E-10
                                 96             4.800000E+01         8.260241E-10
                                 97             4.850000E+01         7.121862E-10
                                 98             4.900000E+01         6.186582E-10
                                 99             4.950000E+01         5.409873E-10
                                100             5.000000E+01         4.758751E-10
                                101             5.050000E+01         4.208314E-10
                                102             5.100000E+01         3.739520E-10
1     flat plate, SOL 146 gust response                                     /    95 SUN SOLARIS NASTRAN    / OCT  7, 26 / PAGE    59
                                                                                                                                    
0                                                                                                                                   
 
 
     DISPLACEMENT    CURVE   ID =       45     COMPONENT =  3     WHOLE FRAME
 
 
                           PRINT NUMBER          X-VALUE              Y-VALUE              CARD NUMBER
                                103             5.150000E+01         3.337574E-10
                                104             5.200000E+01         2.990866E-10
                                105             5.250000E+01         2.690149E-10
                                106             5.300000E+01         2.428018E-10
                                107             5.350000E+01         2.198469E-10
                                108             5.400000E+01         1.996598E-10
                                109             5.450000E+01         1.818376E-10
                                110             5.500000E+01         1.660460E-10
                                111             5.550000E+01         1.520059E-10
                                112             5.600000E+01         1.394839E-10
                                113             5.650000E+01         1.282826E-10
                                114             5.700000E+01         1.182350E-10
                                115             5.750000E+01         1.091984E-10
                                116             5.800000E+01         1.010513E-10
                                117             5.850000E+01         9.368874E-11
                                118             5.900000E+01         8.702063E-11
                                119             5.950000E+01         8.096867E-11
                                120             6.000000E+01         7.546509E-11
                                121             6.050000E+01         7.045067E-11
                                122             6.100000E+01         6.587365E-11
                                123             6.150000E+01         6.168876E-11
                                124             6.200000E+01         5.785613E-11
                                125             6.250000E+01         5.434057E-11
                                126             6.300000E+01         5.111105E-11
                                127             6.350000E+01         4.814010E-11
                                128             6.400000E+01         4.540326E-11
                                129             6.450000E+01         4.287882E-11
                                130             6.500000E+01         4.054732E-11
                                131             6.550000E+01         3.839141E-11
                                132             6.600000E+01         3.639557E-11
                                133             6.650000E+01         3.454591E-11
                                134             6.700000E+01         3.282989E-11
                                135             6.750000E+01         3.123627E-11
                                136             6.800000E+01         2.975493E-11
                                137             6.850000E+01         2.837676E-11
                                138             6.900000E+01         2.709342E-11
                                139             6.950000E+01         2.589748E-11
                                140             7.000000E+01         2.478217E-11
                                141             7.050000E+01         2.374135E-11
                                142             7.100000E+01         2.276943E-11
                                143             7.150000E+01         2.186132E-11
                                144             7.200000E+01         2.101245E-11
                                145             7.250000E+01         2.021855E-11
                                146             7.300000E+01         1.947585E-11
                                147             7.350000E+01         1.878083E-11
                                148             7.400000E+01         1.813029E-11
                                149             7.450000E+01         1.752134E-11
                                150             7.500000E+01         1.695132E-11
                                151             7.550000E+01         1.641778E-11
                                152             7.600000E+01         1.591851E-11
                                153             7.650000E+01         1.545151E-11
1     flat plate, SOL 146 gust response                                     /    95 SUN SOLARIS NASTRAN    / OCT  7, 26 / PAGE    60
                                                                                                                                    
0                                                                                                                                   
 
 
     DISPLACEMENT    CURVE   ID =       45     COMPONENT =  3     WHOLE FRAME
 
 
                           PRINT NUMBER          X-VALUE              Y-VALUE              CARD NUMBER
                                154             7.700000E+01         1.501492E-11
                                155             7.750000E+01         1.460706E-11
                                156             7.800000E+01         1.422641E-11
                                157             7.850000E+01         1.387159E-11
                                158             7.900000E+01         1.354133E-11
                                159             7.950000E+01         1.323452E-11
                                160             8.000000E+01         1.295013E-11
 
 
 
 
                                        * * * END OF JOB * * *
1
 JOB TITLE =  flat plate, SOL 146 gust response                                  
 DATE: 10/ 7/26
 END TIME: 15:17:20
 TOTAL WALL CLOCK TIME      1 SEC.
 
